"Cue","n unique","n unique affordance","total affordance"
"coverall",23,19,44
"earwax",23,21,40
"cashmere",22,16,50
"waistcoat",21,18,53
"bridesmaid",26,21,47
"publication",26,22,52
"gourd",21,20,48
"teakwood",25,20,48
"gumbo",23,23,48
"sapling",25,20,35
"tapioca",21,18,38
"douche",28,22,39
"spreader",29,24,54
"femur",29,24,63
"lance",29,19,44
"wingman",29,22,39
"erection",23,22,45
"marigold",25,23,82
"toga",25,23,73
"globe",25,22,62
"musket",21,16,42
"panhandler",25,16,35
"bloke",25,20,45
"negligee",25,21,38
"wildcat",30,20,50
"wheelhouse",25,21,41
"viewfinder",38,30,60
"toboggan",32,30,67
"tiller",26,16,45
"teardrop",32,28,50
"skillet",33,32,86
"sarong",27,21,49
"raisin",32,29,89
"quadriceps",31,26,76
"pumice",26,22,38
"pimple",33,30,67
"peashooter",28,24,43
"palm",29,24,89
"manhole",33,26,58
"houseboy",25,21,40
"gyroscope",31,26,49
"gatehouse",31,28,61
"forehead",32,21,55
"flesh",33,29,80
"fingerprint",33,29,72
"ductwork",26,22,35
"dandruff",34,22,39
"crypt",31,22,56
"corset",30,23,48
"chambermaid",30,23,61
"calipers",26,22,37
"cadet",29,20,37
"bridegroom",33,27,66
"bratwurst",26,22,74
"bouquet",36,28,89
"bedspread",39,37,126
"balm",32,21,42
"backgammon",28,25,53
"arachnid",30,23,78
"alfalfa",27,20,47
"yoga",39,37,76
"yearbook",36,33,91
"yacht",32,32,107
"worm",34,33,90
"workbook",36,32,99
"wool",31,25,74
"woodshed",33,30,63
"woodblock",32,30,80
"woman",36,28,97
"wing",31,29,71
"web",32,26,68
"watermelon",37,36,117
"watchmaker",37,30,51
"watchdog",30,28,79
"watch",38,33,75
"washstand",31,28,57
"washer",37,33,74
"washcloth",33,32,87
"washbowl",35,33,88
"warden",33,24,45
"wallpaper",36,32,86
"walker",36,35,100
"waiter",37,36,82
"wafer",38,31,97
"vodka",38,38,103
"vitamins",72,57,158
"vinyl",31,25,62
"vinegar",31,28,81
"vinaigrette",31,27,56
"vermouth",27,21,50
"vermicelli",25,22,59
"vendor",38,32,74
"vegetable",32,31,124
"vase",39,31,88
"undershirt",32,31,78
"twine",35,34,91
"twig",37,34,95
"tuxedo",35,32,89
"tummy",39,34,92
"tugboat",33,31,69
"tub",37,36,108
"trumpet",32,28,85
"trousers",33,30,78
"trombone",38,34,99
"tricycle",36,32,68
"tree",38,33,118
"treasure",39,33,120
"traveler",66,62,156
"train",35,34,91
"tower",36,30,83
"tote",38,34,79
"tortoise",36,30,86
"tortilla",35,29,110
"tooth",37,35,122
"tongue",38,38,138
"tombstone",33,29,63
"tomb",39,33,77
"toilet",35,31,79
"toffee",40,37,97
"tobacco",37,34,77
"tinplate",33,31,61
"tin",33,23,55
"tightrope",36,32,101
"tie",32,23,64
"thumbscrew",27,22,57
"thumb",32,31,92
"throat",36,35,106
"theologian",29,20,30
"terrycloth",32,20,44
"terrier",33,27,99
"termite",35,28,54
"tepee",36,30,78
"telescope",32,31,72
"teenager",32,25,69
"taxi",36,34,86
"tattoo",35,27,63
"tape",34,28,63
"tank",36,32,107
"talisman",31,20,40
"syrup",34,28,86
"sword",35,33,114
"switchboard",27,22,36
"sweetener",33,27,58
"swamp",34,22,46
"swab",28,23,50
"sushi",39,36,114
"summerhouse",34,29,76
"suitcase",38,38,120
"subway",35,33,84
"stretcher",35,31,65
"streetwalker",29,26,54
"streetcar",33,32,104
"stream",36,27,91
"straw",31,29,76
"straitjacket",37,35,85
"stopwatch",38,34,94
"stomp",26,22,50
"stethoscope",35,29,55
"stereo",40,34,92
"stepchild",32,27,80
"steamboat",32,32,78
"statue",33,29,96
"stamp",33,27,71
"stallion",37,36,120
"stairwell",36,31,95
"staff",31,30,77
"sprinter",35,33,64
"sprinkler",31,25,73
"spoon",32,29,111
"spear",39,37,102
"southerner",31,22,55
"sourdough",34,28,87
"songbook",35,35,94
"sombrero",30,24,51
"soles",34,28,60
"snowball",30,27,83
"sneaker",35,34,99
"snail",37,32,83
"slipcover",30,24,58
"sling",39,31,70
"slime",31,29,81
"sled",39,36,86
"skin",37,31,91
"skateboarder",35,30,62
"sink",39,36,96
"singer",34,30,80
"signpost",37,35,79
"sign",33,31,76
"sidewalk",35,34,114
"shuttle",34,34,73
"shrub",65,54,142
"shower",37,36,100
"shorts",31,26,82
"shortcake",37,30,76
"shortbread",36,34,87
"shore",35,30,79
"shoestring",30,29,71
"shoelace",33,31,71
"shirttail",32,29,60
"shipmate",29,23,55
"shelf",36,33,94
"shallot",25,20,55
"senorita",33,19,40
"seed",35,33,82
"sedative",34,31,66
"secretary",37,32,87
"seaplane",24,23,59
"scythe",26,25,58
"sculpture",31,28,81
"screwdriver",31,31,82
"scratches",34,30,81
"scorpion",32,26,69
"scorecard",39,33,84
"scoop",35,33,81
"schoolgirl",29,27,68
"schoolboy",29,22,58
"scar",37,29,53
"sauna",37,36,82
"saltshaker",33,31,79
"salt",39,38,107
"saleswoman",35,31,73
"salesgirl",31,27,59
"salad",40,37,119
"sailcloth",25,22,54
"sage",35,32,80
"saffron",27,25,72
"saddle",34,27,64
"rucksack",24,19,64
"rotisserie",33,29,60
"rosary",38,31,69
"roommate",38,32,120
"roadway",31,29,86
"rhinestone",33,24,65
"revolver",29,28,92
"residence",37,35,94
"repairer",33,29,49
"remote",36,31,80
"reindeer",32,22,58
"reefer",25,20,54
"recruiter",31,23,51
"receipt",71,61,158
"razor",33,31,80
"ramp",37,35,96
"rag",40,38,119
"radiologist",34,29,53
"racehorse",35,33,95
"quarter",35,29,98
"pushcart",32,30,68
"puppy",33,30,141
"puppet",32,31,84
"pump",36,25,51
"pullover",32,20,49
"puke",31,26,45
"pudding",33,30,80
"pub",32,27,80
"prosthesis",28,20,52
"proofreader",33,30,65
"primrose",33,23,48
"powerboat",34,33,73
"poultry",29,20,82
"potato",32,29,104
"pot",38,37,113
"portfolio",38,29,67
"porridge",37,33,87
"porch",36,35,106
"popcorn",37,33,118
"poncho",39,33,83
"pompom",34,31,78
"pocketknife",35,34,94
"pliers",36,36,88
"playground",34,34,100
"player",33,21,51
"plane",35,35,107
"pistachio",39,35,107
"pinwheel",35,28,72
"pineapple",32,28,78
"pincushion",30,27,57
"pillowcase",33,31,84
"pillar",36,33,61
"piercing",36,30,61
"pie",39,38,126
"piccolo",34,30,71
"phonograph",30,27,69
"pet",39,35,120
"peppercorn",34,26,53
"pepper",36,36,103
"penny",37,33,85
"pencil",37,36,118
"pegboard",30,23,41
"peelings",34,24,47
"peanuts",31,31,112
"peacock",31,24,66
"pea",31,29,85
"patrolman",35,30,62
"path",34,28,73
"partner",38,31,102
"paratrooper",26,23,54
"paper",36,34,177
"outlet",31,29,56
"outfit",32,26,90
"ornament",34,30,90
"oregano",35,30,69
"orange",34,26,94
"opium",31,27,63
"oilcan",34,33,85
"offspring",35,27,74
"oat",37,27,70
"nurse",37,32,78
"nightcaps",31,30,66
"newt",32,25,54
"newspaperman",36,31,68
"newspaper",39,39,141
"newsman",35,33,66
"newsletter",36,31,82
"nectar",36,29,90
"neckwear",34,27,61
"necktie",33,23,58
"neckband",31,21,34
"neck",36,32,82
"narcotics",37,29,86
"nanny",31,25,63
"muzzle",33,28,47
"mutt",34,26,89
"mustard",38,32,82
"muscle",39,37,126
"motorist",36,31,59
"motorcycle",32,30,88
"mothball",30,22,47
"mosquito",31,30,73
"morsel",28,16,31
"monk",39,33,69
"moneybags",39,35,91
"mixer",37,33,81
"mistress",33,27,62
"mink",33,21,48
"minister",37,30,74
"metal",30,21,56
"merchant",31,26,55
"mentor",34,32,86
"memo",35,27,66
"melon",31,30,99
"matchstick",35,32,86
"marshmallow",37,36,121
"marmalade",33,26,61
"marionette",26,23,54
"marijuana",38,33,80
"marble",32,26,75
"maple",34,22,59
"mannequin",34,29,59
"manicure",35,28,63
"mango",32,27,88
"mandolin",29,28,76
"mammal",33,25,83
"male",32,28,77
"makeup",37,36,111
"maize",33,26,53
"mailbag",37,31,77
"mail",31,28,97
"maidservant",30,27,68
"maid",37,35,81
"magician",33,29,65
"machinery",34,29,75
"macaroon",37,33,115
"lyre",29,26,49
"luggage",32,31,93
"lotion",38,35,89
"loo",27,22,62
"longbow",33,28,57
"loincloth",31,22,50
"loin",31,25,59
"logbook",37,31,82
"lodging",32,30,62
"locksmith",33,32,60
"locket",39,32,71
"lobe",29,20,44
"lobbyist",34,24,61
"llama",35,33,94
"liquid",30,29,126
"lipstick",33,28,72
"lint",37,28,51
"lingerie",36,33,76
"lid",40,37,103
"letter",32,29,109
"lei",32,25,60
"leftovers",33,33,104
"ledge",35,30,76
"laxative",33,32,63
"lawyer",33,30,70
"latrine",25,19,47
"latex",36,21,41
"latch",33,31,67
"lapdog",32,27,79
"land",35,29,96
"lamplight",38,35,97
"lambskin",32,24,42
"lady",28,22,72
"ladder",33,32,81
"labrador",37,33,127
"label",37,29,58
"kneecap",36,35,112
"kiwi",32,29,115
"kit",37,27,54
"keepsake",34,26,72
"kaleidoscope",35,30,72
"joystick",33,23,43
"jeweler",40,34,74
"jet",40,40,100
"jaw",38,36,122
"interviewer",33,27,70
"intern",31,26,67
"intercom",35,33,76
"inspector",31,28,63
"ink",37,35,98
"incubator",34,28,55
"icing",33,28,67
"hypnotist",29,23,51
"hut",37,32,75
"hurdle",32,28,69
"hubcap",28,23,65
"housekeeper",35,33,95
"houseboat",35,33,102
"house",36,33,111
"hose",32,30,67
"horseshoe",36,35,79
"horsefly",32,28,67
"horn",33,29,76
"hook",29,26,68
"honey",35,28,87
"holster",33,26,44
"hog",32,28,76
"heel",34,27,73
"hearse",29,22,65
"headrest",36,35,72
"headdress",35,32,62
"haystack",32,28,81
"hatchet",32,28,84
"harpsichord",29,26,67
"harpist",33,29,54
"harmonica",32,30,66
"hangnail",30,24,55
"handshake",34,30,55
"handle",39,36,119
"handkerchief",36,34,91
"handclasp",37,31,58
"handbag",36,34,100
"hamster",39,32,88
"hammock",38,37,136
"hairstyle",32,27,71
"hairpiece",33,27,66
"hairnet",34,32,53
"hairbrush",38,36,91
"gunnysack",24,22,43
"gum",32,30,99
"guest",29,23,71
"griddle",34,33,86
"greenery",38,30,69
"gravy",37,30,99
"graveyard",36,26,77
"gravel",32,27,64
"grasshopper",33,27,76
"grass",33,30,110
"granny",36,28,67
"grandson",31,21,66
"grandparent",38,31,94
"golfer",35,27,61
"goldsmith",34,25,55
"gold",36,31,103
"goatskin",33,20,38
"goatee",32,23,61
"goat",36,27,90
"glue",39,37,87
"glassware",37,36,110
"glassblower",32,29,53
"gift",36,34,106
"germ",35,26,61
"geranium",28,21,46
"generator",31,27,52
"gear",38,31,73
"gazebo",28,27,71
"gavel",29,27,65
"gauze",34,28,65
"gate",36,35,105
"gardener",36,30,96
"garden",36,28,83
"game",38,34,96
"gambler",32,25,60
"fridge",36,35,78
"foxhound",34,30,72
"fountainhead",30,24,43
"fountain",36,32,88
"fossil",38,31,95
"forklift",40,39,112
"forceps",32,29,66
"footstool",37,35,85
"footpad",28,23,50
"footbath",33,30,57
"food",35,35,123
"fondue",36,33,71
"folder",33,30,73
"foghorn",34,29,58
"flute",36,34,98
"fluid",38,38,125
"floorboard",35,33,93
"flask",33,28,68
"flashlight",38,36,93
"flashbulb",31,28,65
"flagpole",36,34,65
"fixture",30,24,48
"firstborn",35,26,87
"finger",34,32,123
"film",33,28,72
"fiddle",33,29,75
"fence",41,37,108
"fedora",37,34,75
"feast",32,27,81
"father",37,29,101
"farmhand",34,31,68
"fan",34,29,75
"fairground",31,25,72
"factory",33,31,63
"fabric",32,29,92
"eyelash",33,28,70
"eyedrop",34,25,42
"extinguisher",37,34,81
"evergreen",31,28,57
"epidermis",37,31,88
"environment",38,30,77
"envelope",37,35,108
"entomologist",26,22,49
"engine",33,28,67
"encyclopedia",38,33,89
"elephant",43,37,99
"electronics",34,33,112
"eggshell",35,31,59
"eggbeater",32,31,71
"eel",32,30,82
"edibles",35,32,87
"earpiece",39,34,65
"earphone",33,32,80
"dynamite",31,29,69
"duckweed",26,22,46
"drywall",34,28,63
"drugstore",31,25,49
"dressing",38,28,71
"drawing",31,28,68
"drawers",34,34,147
"drainpipe",37,33,69
"drain",32,27,54
"doorknocker",31,28,71
"doorbell",35,30,60
"donut",37,37,115
"dollar",35,32,93
"doghouse",32,27,53
"divorcee",33,24,51
"diner",35,33,101
"dime",34,30,84
"dildo",32,24,72
"dietician",32,25,69
"detergent",32,29,54
"dessert",35,32,109
"dentist",32,27,78
"deerskin",37,27,65
"daughter",39,33,84
"dartboard",31,26,69
"dart",37,35,94
"darkroom",32,27,65
"dancer",31,28,71
"dance",37,32,81
"damsel",31,24,35
"daisy",32,26,83
"daiquiri",34,32,77
"cymbal",31,28,70
"cuticle",31,30,59
"curler",31,23,41
"curb",33,29,82
"cuisine",35,29,72
"cubical",30,25,62
"crumpet",32,30,76
"crucifix",32,27,64
"crowbar",34,31,77
"crossword",32,21,52
"critter",36,27,78
"crisps",37,34,82
"creamer",37,25,49
"cream",38,30,79
"cradle",39,36,73
"cowskin",30,26,54
"cow",38,35,99
"councilwoman",30,20,48
"costume",34,28,73
"corvette",38,33,93
"cornfield",42,38,97
"cornbread",35,34,101
"copier",31,29,65
"cookbook",30,29,101
"confetti",36,31,69
"condom",36,33,67
"compressor",32,29,54
"compost",32,30,52
"commode",31,25,62
"comic",35,28,79
"comforter",38,33,90
"comb",36,34,62
"cologne",37,36,100
"collie",30,23,81
"coke",36,33,89
"coin",32,25,76
"cockatoo",34,25,71
"cock",30,22,51
"clubhouse",34,29,72
"club",34,31,86
"cloverleaf",34,25,64
"clover",39,36,96
"clitoris",33,27,67
"cliff",32,27,65
"clarinet",34,31,82
"chrysanthemum",29,25,58
"chronometer",26,21,43
"chinchilla",32,28,82
"childbirth",35,25,42
"chick",34,20,49
"chest",38,33,86
"cherry",35,31,97
"checkbook",33,31,77
"chart",34,30,71
"chaplain",32,24,57
"chairwoman",33,28,52
"chairman",32,26,51
"chair",39,39,138
"ceramic",34,23,63
"cent",31,23,50
"cellophane",33,27,55
"celery",33,27,73
"caviar",35,33,78
"cathedral",33,29,69
"catfish",37,34,133
"cassette",29,28,83
"caseworker",33,27,57
"carriage",31,29,80
"carnival",39,32,76
"canteen",37,33,87
"cabin",36,35,81
"buttermilk",36,29,69
"butter",38,34,122
"buoy",33,30,65
"bunkmate",34,29,64
"bunkhouse",34,29,67
"bum",31,25,58
"bulb",39,36,92
"bug",35,30,84
"buffalo",35,30,91
"buckle",37,33,81
"brother",32,28,97
"broth",36,31,81
"broom",39,37,84
"broccoli",38,34,120
"broach",32,25,65
"brickwork",35,30,79
"breastbone",34,24,50
"brass",34,24,44
"braid",35,30,65
"boyfriend",37,34,117
"boulder",35,32,79
"bootlace",36,34,83
"bone",34,27,64
"bonbon",28,26,70
"bolt",31,30,70
"bobsleigh",28,26,56
"boathouse",33,29,80
"bloodhound",36,30,86
"bleacher",36,34,110
"blade",36,35,116
"birthmark",28,21,34
"birdseed",32,27,73
"binoculars",37,36,105
"bin",35,29,64
"billfold",31,25,42
"bible",37,34,101
"beverage",32,28,106
"bellflower",32,30,96
"beer",37,36,109
"beefcake",34,32,65
"bedroom",32,30,119
"beanstalk",35,32,97
"beagle",33,28,86
"bead",33,23,52
"bathroom",38,37,117
"bat",39,37,115
"baseball",34,32,132
"barricade",35,35,79
"barnacle",28,22,47
"barber",34,31,72
"bangle",33,25,57
"balloon",33,31,97
"ball",32,31,150
"baklava",29,26,75
"axle",33,20,42
"auto",34,22,62
"ass",32,25,62
"ash",68,56,118
"artifact",34,29,66
"arm",33,30,141
"apron",38,38,115
"apricot",36,32,98
"appraiser",32,22,44
"appliance",36,31,107
"antihistamine",34,24,48
"antenna",36,29,58
"anklet",38,30,85
"animal",38,34,117
"amphibian",32,27,69
"algae",29,24,52
"album",33,27,86
"advisor",34,33,66
"acorn",38,35,106
"acne",29,20,39
"absinthe",26,22,51
"abdomen",33,24,55
"vulva",25,22,32
"woodpecker",27,21,46
"wishbone",25,24,65
"wildlife",26,23,77
"watercress",27,22,62
"upholstery",22,16,45
"turntable",27,21,47
"turnip",26,25,96
"toupee",26,20,40
"tonic",25,19,54
"tomahawk",24,21,58
"tights",32,27,74
"tailcoat",26,20,44
"tablespoon",24,23,69
"suit",27,20,75
"sugar",27,22,70
"suede",25,21,56
"stuff",31,18,93
"stone",34,28,100
"stepdaughter",32,23,56
"stake",32,28,71
"stableman",28,26,59
"spyglass",26,22,63
"sportswriter",31,25,59
"spit",31,24,55
"spike",27,21,56
"snowflake",28,20,51
"smuggler",26,22,47
"smock",25,15,49
"shin",26,25,58
"sheep",29,18,56
"seam",26,21,35
"sash",32,23,53
"sandcastle",26,23,47
"sandbox",26,22,51
"sandbag",27,22,47
"salmon",26,23,68
"ruby",32,22,71
"rock",26,24,77
"rink",33,32,79
"rind",28,22,55
"railroad",25,22,41
"rack",32,28,58
"quarters",25,23,59
"puck",30,21,58
"preschooler",29,25,65
"postmaster",27,25,54
"postage",32,29,61
"polyester",26,17,30
"police",33,30,86
"podiatrist",28,20,44
"plow",32,27,67
"playsuit",29,24,66
"plaster",26,20,36
"placard",25,22,56
"pinecone",35,30,83
"pin",24,23,57
"pickaxe",25,22,51
"phalanges",26,19,88
"perspiration",26,21,34
"perfume",34,33,90
"pellet",25,22,57
"parsley",27,25,94
"parcel",25,20,63
"paperhanger",25,22,42
"pantaloons",26,24,57
"painkiller",27,22,46
"overcoat",35,30,76
"orphan",24,14,49
"obstetrician",28,20,51
"nightlight",27,23,56
"newlyweds",25,15,34
"mutton",26,20,48
"mulberry",27,20,82
"mint",23,19,62
"microphone",26,25,64
"merchandise",25,22,74
"map",25,22,62
"man",31,22,99
"lumber",33,29,100
"lock",25,20,51
"litter",32,25,78
"limestone",31,26,69
"lilac",32,26,63
"leotard",27,24,85
"laryngoscope",26,23,42
"lanyard",26,19,63
"lampshade",29,24,42
"ladle",26,21,60
"kindling",26,21,55
"kerchief",25,24,55
"joint",26,22,50
"hutch",26,22,67
"housemaid",26,26,58
"hibiscus",25,23,69
"heroin",30,20,44
"herb",28,26,84
"harp",25,23,56
"handrail",25,22,54
"gymnasium",27,22,57
"grease",26,21,50
"grape",27,24,75
"goblet",26,23,64
"glycerine",26,20,32
"giblets",25,20,52
"footplate",30,23,36
"florist",25,19,59
"floor",27,27,109
"fir",26,19,52
"fastener",26,21,53
"excavator",25,22,51
"enemy",27,21,41
"enamel",27,21,36
"dude",25,14,41
"dryer",26,22,43
"dogcatcher",34,30,59
"dice",26,22,56
"derriere",26,24,59
"delicatessen",26,21,51
"decor",22,16,45
"daybed",25,24,65
"cutlet",27,20,56
"curtain",33,28,90
"crumb",31,23,74
"croquet",24,19,47
"cricket",25,22,51
"countrywoman",26,21,58
"cornstarch",28,24,52
"colander",24,24,54
"cod",25,20,50
"clipper",25,23,75
"charcoal",26,24,64
"cayenne",24,22,57
"cart",33,31,87
"carpet",61,54,144
"capacitor",18,13,19
"businesswoman",32,23,53
"broker",27,20,56
"briefcase",25,22,76
"breasts",57,46,136
"bread",25,22,70
"boy",21,15,48
"boxer",25,21,53
"bosom",26,21,50
"bong",25,24,45
"bondsman",27,20,41
"boa",25,17,47
"blueberry",27,25,87
"bloomers",26,19,68
"billiards",28,25,48
"bifocals",50,44,114
"bazooka",29,28,58
"baton",25,23,61
"backbone",32,26,59
"artichoke",25,22,71
"actress",30,23,69
"hinge",26,17,32
"ford",26,21,41
"opal",29,20,34
"broiler",28,25,43
"riverbank",27,21,48
"stilt",27,22,39
"pastrami",26,22,41
"bourbon",27,24,54
"tool",25,20,52
"cruiser",26,22,54
"adult",26,22,57
"chiropractor",24,24,43
"footbridge",23,21,61
"yachtsman",25,19,31
"shawl",24,22,57
"backboard",26,22,41
"petroleum",20,10,19
"punter",24,21,37
"sidecar",26,21,36
"shopper",26,22,54
"jurist",25,18,43
"petal",25,20,48
"bullfrog",26,22,71
"handgun",26,24,64
"munitions",21,14,37
"javelin",25,22,54
"pitcher",27,24,66
"politician",27,21,53
"duffel",27,21,50
"glider",27,24,51
"cross",29,18,41
"cone",25,21,52
"pony",25,22,76
"corkscrew",25,22,51
"machine",27,23,74
"gadget",27,20,62
"guillotine",25,23,61
"guidebook",25,24,76
"skullcap",25,22,41
"thimble",26,22,46
"rain",56,50,132
"barn",27,21,48
"periscope",24,24,37
"gravestone",25,23,47
"taxpayer",26,18,32
"forearm",27,25,54
"assassin",25,24,42
"tumbler",26,22,51
"toastmaster",26,22,35
"plaything",24,21,50
"fillet",26,21,47
"glitter",25,24,46
"riverboat",26,22,51
"crate",25,23,57
"soldier",25,23,49
"snowman",25,23,49
"chip",25,23,50
"searchlight",25,24,40
"football",25,24,78
"wax",25,22,41
"pug",25,22,59
"boutique",26,22,52
"alcohol",25,24,62
"wrench",25,23,46
"dove",26,20,38
"receptacle",18,15,35
"kiln",19,16,28
"stoneware",25,19,51
"textile",26,21,59
"proprietor",26,19,39
"conch",24,20,53
"ballot",25,23,51
"moss",25,21,54
"jaguar",21,16,35
"crossbow",25,25,69
"hitchhiker",23,21,47
"basket",25,23,67
"fingernail",25,24,78
"shelving",24,22,46
"beefsteak",24,22,67
"sausage",26,22,68
"coat",24,22,62
"mommy",25,23,69
"seashore",23,19,76
"environmentalist",25,24,53
"clothespin",23,22,52
"uncle",24,15,39
"coconut",26,23,90
"tradesman",25,22,50
"woodcarver",25,20,41
"packet",22,16,37
"ore",25,20,43
"ballplayer",26,19,40
"hanger",27,23,45
"homemaker",26,22,59
"barkeep",25,24,49
"garb",25,19,51
"plaintiff",27,16,32
"banister",27,25,51
"picnicker",25,20,42
"bacon",25,24,76
"ham",25,19,71
"custard",26,22,62
"carrot",25,22,71
"rosemary",25,22,58
"therapist",25,22,64
"table",25,25,84
"maiden",26,21,46
"cuttlefish",26,21,50
"penknife",23,19,71
"speakers",25,21,54
"you",24,22,95
"defendant",24,16,34
"bodyguard",26,24,55
"trashcan",26,22,59
"napkin",25,24,69
"graphite",26,21,40
"slipper",25,21,58
"planner",25,22,61
"bankbook",25,21,46
"straightedge",21,16,42
"sod",19,12,28
"hookah",17,16,33
"yolk",25,20,53
"oar",25,23,64
"clerk",26,22,63
"peony",24,22,85
"flypaper",25,24,45
"mousetrap",25,24,50
"washboard",26,24,41
"pottery",28,26,64
"fudge",25,24,68
"quiche",25,24,64
"denim",63,48,143
"shinbone",24,22,44
"shotgun",26,24,72
"wig",26,22,55
"whisk",29,27,58
"model",27,21,39
"vehicle",26,25,75
"lavatory",25,22,50
"laundry",25,24,64
"rattle",26,20,44
"metalworker",25,20,39
"housefly",25,22,45
"anchor",25,22,53
"motorbike",26,25,61
"cookhouse",25,22,51
"moth",25,20,42
"lice",26,22,35
"veterinarian",25,20,46
"waxwork",24,22,45
"substance",26,20,56
"cheddar",25,21,64
"kindle",25,24,57
"doornail",25,23,39
"cigar",25,23,48
"maggot",26,21,36
"retriever",24,24,44
"snorkel",24,23,44
"pork",25,23,67
"dispenser",27,20,38
"catnip",26,21,37
"cafe",25,21,66
"cheerleader",27,21,42
"kazoo",24,18,39
"garland",24,22,46
"sheet",25,24,56
"jeep",25,24,51
"aircraft",25,21,57
"oyster",25,21,54
"bassinet",25,20,37
"booze",26,24,61
"girl",25,19,44
"toothpaste",26,24,55
"nutcracker",58,55,123
"kernel",26,23,52
"bridge",26,23,64
"lighthouse",25,22,49
"fishbone",26,22,45
"hanky",25,20,47
"sack",25,22,47
"sackcloth",25,20,36
"children",26,22,52
"pants",25,22,72
"mug",27,24,78
"fork",25,25,61
"mouth",25,25,103
"beachwear",25,24,62
"hallway",25,24,51
"dividers",25,22,47
"thesaurus",26,21,45
"log",25,23,66
"blanket",25,22,68
"soybean",25,20,42
"guardsman",26,22,43
"mouse",27,23,50
"weed",24,23,53
"meat",25,23,78
"desk",25,24,71
"snow",26,23,73
"pear",25,23,72
"toaster",25,23,60
"carpenter",29,25,55
"tractor",27,24,61
"machete",60,56,163
"tag",27,21,49
"canoe",26,24,70
"stroller",26,23,59
"windshield",28,21,50
"swan",26,20,44
"optician",25,20,48
"wheel",27,23,59
"lollipop",25,23,76
"hall",25,22,58
"cardigan",25,19,65
"kidney",25,21,36
"tweezer",26,23,64
"chalk",26,24,65
"stirrup",22,16,33
"scribbling",24,23,58
"ocean",27,23,83
"scarf",26,22,76
"wood",25,24,79
"barrel",26,21,76
"sex",26,22,45
"ladybug",26,20,47
"ski",25,17,38
"fist",24,23,62
"pupil",26,23,42
"holding",24,23,46
"bathtub",28,26,79
"lick",26,17,25
"cracker",64,59,183
"cupboard",27,21,44
"rail",27,21,49
"entree",30,19,59
"hat",28,26,69
"radio",27,25,66
"congresswoman",28,23,52
"hamburger",28,26,88
"lace",28,22,39
"trash",27,23,47
"waitress",26,24,63
"icepick",27,23,48
"husband",27,24,81
"needle",60,56,132
"band",27,26,53
"guestroom",29,27,67
"brooch",25,21,55
"jar",28,24,61
"croquette",26,21,49
"mum",29,27,65
"dwarf",28,20,38
"catwalk",29,26,71
"rocker",28,24,56
"robe",25,22,62
"pistol",27,25,85
"needlework",25,22,54
"plastic",55,47,146
"windowpane",25,22,52
"squash",27,22,76
"lovebird",27,20,46
"pocket",24,23,53
"accountant",26,23,60
"barrette",24,22,49
"hair",27,25,100
"duckling",27,21,54
"nightdress",26,21,66
"vegetation",25,21,56
"landlady",25,22,55
"printout",25,22,77
"tripod",25,23,52
"lager",24,21,50
"salve",25,23,51
"handwork",24,22,50
"human",25,21,83
"cello",25,23,61
"daffodil",26,21,53
"ophthalmologist",26,24,52
"pike",27,25,69
"vaccine",24,22,44
"bunny",26,23,60
"bookmark",25,24,55
"blueprint",25,23,43
"earthworm",25,21,57
"drum",25,22,57
"spade",29,21,45
"microwave",27,26,55
"shamrock",26,22,45
"board",25,22,69
"insole",24,15,29
"hatchback",26,20,37
"bait",26,24,49
"coffin",28,20,47
"toothpick",25,21,46
"lamp",25,23,51
"drapery",25,21,43
"foliage",26,22,56
"flycatcher",25,22,34
"whirlpool",25,21,42
"plank",27,25,67
"lamplighter",25,20,32
"lever",25,24,60
"woodpile",26,20,44
"virgin",25,16,31
"file",25,20,48
"ecologist",27,20,29
"lifeguard",26,24,51
"feather",27,21,61
"storehouse",25,23,43
"men",26,19,57
"strudel",25,22,57
"chain",25,22,49
"tenant",30,26,48
"statuette",25,20,47
"slush",29,26,60
"crab",25,22,50
"soda",24,23,47
"tablet",26,22,70
"buffet",25,24,50
"dumpling",25,24,64
"buck",25,22,49
"peppermint",25,23,57
"eclair",25,20,47
"oven",24,24,63
"card",24,23,69
"announcer",25,21,35
"cartridge",26,22,36
"socket",25,22,37
"classmate",25,23,60
"net",25,25,50
"blender",25,22,57
"candlestick",26,22,49
"burglar",26,24,38
"arrowhead",26,21,52
"shrine",25,23,51
"doorframe",27,25,59
"mattress",25,22,65
"saxophone",48,40,83
"corduroy",25,18,40
"slingshot",26,24,46
"silverware",25,23,62
"bonnet",26,24,56
"urn",25,21,44
"dresser",25,20,57
"rug",26,24,82
"bully",27,17,43
"mirror",26,23,68
"turkey",25,20,67
"limeade",25,22,54
"plantain",27,21,58
"drawstring",25,21,47
"sugarcane",26,22,52
"ribbon",26,20,53
"pretzel",25,22,70
"goddaughter",26,18,41
"gymnast",27,21,58
"cop",26,23,65
"butcher",26,24,49
"friend",28,25,79
"bookbinder",26,21,29
"windsock",25,21,42
"tavern",27,22,57
"cigarette",26,21,53
"mousse",28,21,45
"colleague",25,22,65
"swing",23,20,47
"spokesman",25,22,45
"newsprint",25,22,71
"padding",25,23,61
"technician",24,23,44
"garnets",26,19,39
"teahouse",24,24,47
"torso",25,20,47
"tissue",25,24,59
"screen",24,23,59
"cannonball",25,24,58
"zipper",26,20,43
"smoothie",24,23,56
"bill",25,24,53
"basil",24,24,62
"wreath",25,25,49
"sweatshirt",24,24,62
"chestnut",24,24,67
"poker",23,20,50
"wife",25,24,72
"typewriter",26,22,50
"mule",25,23,58
"fruitcake",25,25,68
"sangria",24,24,48
"vacuum",24,24,53
"airplane",25,24,81
"rice",25,23,78
"mantelpiece",25,23,51
"bullfighter",25,20,36
"cucumber",25,22,65
"handbrake",26,22,50
"outfielder",25,19,34
"coachman",25,19,51
"tomato",26,23,74
"rubber",28,20,43
"towel",24,24,69
"greens",26,22,68
"pulp",25,19,41
"nursemaid",25,21,39
"temple",26,21,49
"camel",26,22,72
"sea",26,23,82
"gentleman",25,18,62
"loudspeaker",26,22,44
"swimsuit",25,23,64
"hill",25,24,57
"pup",25,18,47
"mother",24,23,76
"ingredients",48,44,119
"protester",26,21,45
"cola",24,23,57
"wheat",25,20,62
"sleeve",26,22,43
"jewelry",27,23,61
"peach",27,25,61
"bag",24,23,54
"deer",25,21,53
"sandalwood",28,20,43
"dwelling",28,20,59
"saw",26,24,42
"footpath",26,23,56
"barbecue",26,21,46
"laboratory",28,21,47
"dipstick",22,14,23
"cereal",26,23,40
"cheesecloth",26,24,50
"lump",26,21,45
"spider",25,20,47
"sequin",26,22,38
"playhouse",28,24,52
"headgear",26,22,39
"kitchenette",26,21,51
"hedgehog",26,20,43
"priest",25,21,50
"peroxide",27,25,40
"leggings",26,22,54
"peel",25,20,36
"torch",27,21,47
"doorman",27,22,45
"velvet",28,17,35
"knee",28,25,67
"tinsel",26,23,36
"dip",26,23,46
"sunglasses",25,21,48
"mud",25,20,51
"nose",25,23,73
"wristwatch",24,23,57
"root",26,21,47
"tire",24,22,60
"scalp",25,20,43
"turtle",25,22,47
"drink",25,20,57
"bicycle",25,22,74
"applicator",24,21,40
"handcart",27,25,62
"dermatologist",26,22,52
"testicle",25,20,38
"cottage",26,22,56
"insulin",26,20,37
"granite",24,13,39
"tea",25,24,56
"orthodontist",25,19,40
"paperweight",27,24,55
"teacup",25,22,65
"skateboard",28,26,68
"bracelet",28,23,70
"canine",30,20,72
"caramel",26,23,48
"slaw",26,23,47
"pinewood",25,22,49
"thorn",26,22,43
"hairdresser",27,21,59
"puzzle",30,21,43
"student",25,22,58
"branch",26,23,69
"creature",26,22,59
"quilt",25,24,65
"ventilator",26,22,44
"carton",25,22,55
"automobile",26,23,98
"picture",26,24,80
"clipboard",26,25,64
"faucet",28,23,58
"bodice",25,21,41
"furniture",25,22,103
"archives",26,22,45
"instrument",26,22,55
"son",27,19,76
"jelly",26,22,52
"spectacles",25,21,49
"bedclothes",24,23,75
"me",22,18,123
"donkey",25,22,70
"ukulele",25,24,82
"supermarket",25,23,83
"crossbar",20,15,32
"protractor",26,22,55
"scanner",26,23,48
"attendant",25,22,57
"garment",25,23,68
"treat",25,22,74
"breakfast",24,23,71
"skirt",25,23,72
"scooter",26,23,62
"youngster",17,12,42
"fertilizer",25,23,51
"grandfather",25,22,79
"crib",26,20,54
"balloonist",26,24,56
"cornmeal",25,22,61
"bus",26,23,78
"uniform",25,21,60
"committeewoman",24,23,59
"wiper",25,21,47
"paintbrush",25,25,78
"spout",25,23,48
"kumquat",17,15,46
"sailboat",26,21,78
"pedicurist",23,20,59
"hairstylist",25,22,67
"horse",25,24,101
"flyswatter",25,25,61
"penthouse",25,22,86
"crocodile",25,19,51
"present",25,22,69
"practitioner",25,22,48
"physiologist",25,25,55
"hailstone",21,17,39
"midget",25,19,48
"trainer",25,22,64
"record",24,23,62
"housewife",25,22,75
"ant",26,19,62
"goulash",24,19,63
"shirtsleeve",25,24,76
"chopsticks",54,52,146
"sister",26,21,64
"moustache",27,24,65
"kleenex",25,24,72
"pelvis",27,24,61
"nugget",25,21,70
"gin",25,23,75
"acrobat",25,19,46
"clothesline",24,24,76
"car",24,23,93
"flag",29,26,71
"grandnephew",25,23,64
"rook",23,19,54
"chicken",26,24,97
"computer",27,24,98
"pouch",25,20,44
"scab",25,22,62
"appendage",26,22,62
"ship",26,20,83
"teammate",24,22,70
"stairs",52,48,129
"shuffleboard",25,23,42
"altar",27,23,66
"bunion",26,20,43
"library",26,24,94
"stationary",44,38,123
"frankfurter",25,22,74
"basement",26,23,83
"breeches",24,20,79
"dishwater",25,21,60
"pearl",25,20,59
"shrimp",26,25,84
"fawn",25,22,67
"brandy",26,23,66
"soy",25,21,56
"valve",26,21,55
"customer",27,24,63
"colt",24,20,71
"leash",26,20,49
"steel",25,21,58
"entertainer",25,22,61
"chowder",26,25,71
"mitten",27,24,46
"camera",29,26,56
"boatman",27,25,52
"wall",29,23,74
"passport",27,26,52
"furnishings",26,21,55
"democrat",28,20,28
"mallet",28,24,59
"match",26,21,49
"goalkeeper",28,22,49
"greyhound",28,22,68
"bedpost",26,22,51
"captain",31,25,51
"sawhorse",24,21,41
"executioner",27,25,40
"dumbwaiter",26,24,52
"bush",27,23,57
"eyeglasses",29,28,66
"teakettle",27,24,59
"microscope",28,27,66
"caterpillar",30,20,46
"jockstrap",27,22,36
"paddle",27,25,62
"lobster",28,24,72
"cobblestone",26,23,56
"vibrator",25,23,44
"sawdust",27,20,43
"rib",28,25,55
"moonshine",28,25,70
"nightie",25,20,47
"mascara",26,21,49
"cuff",25,20,40
"brace",24,24,46
"crop",27,22,70
"cheekbone",25,22,51
"farmhouse",25,22,72
"home",27,26,83
"phone",26,25,121
"neckerchief",25,23,63
"armoire",24,20,59
"radiator",26,23,48
"cape",52,44,103
"battery",27,23,48
"cloth",26,22,88
"foot",25,23,92
"masseuse",56,53,118
"medallion",25,22,63
"candidate",26,23,53
"rubbish",26,23,50
"firecracker",26,22,59
"bleach",28,26,84
"snack",25,25,68
"kite",25,25,61
"bunk",25,22,62
"sponge",24,23,73
"buttonhole",27,20,26
"gatekeeper",27,22,32
"serviceman",25,19,33
"blister",24,15,36
"clamp",26,20,41
"livestock",27,20,44
"organism",26,21,40
"reptile",27,20,50
"putty",29,21,51
"saloon",26,20,48
"rye",26,19,58
"antiseptics",24,17,39
"meadow",25,19,51
"timber",25,16,45
"cup",27,26,81
"fig",25,24,64
"poodle",27,20,62
"blackhead",45,37,79
"notepaper",26,25,82
"workbench",25,25,70
"curry",26,21,40
"tubing",25,20,33
"plumber",30,25,49
"glasses",24,24,66
"cash",25,23,65
"pipe",26,25,53
"ledger",25,21,53
"pedestrian",26,25,49
"violin",28,23,59
"manicurist",27,20,63
"sherbet",26,21,46
"afro",30,19,60
"viola",26,21,49
"surfboard",30,23,68
"fryer",28,24,61
"earth",30,24,69
"compass",64,56,137
"apparatus",25,13,31
"passionflower",27,22,55
"grandpa",28,22,73
"object",28,21,96
"biologist",30,22,55
"pallet",26,22,56
"handlebar",29,25,64
"boardinghouse",26,21,51
"sauerkraut",25,22,53
"veil",26,20,40
"azalea",26,17,54
"egg",30,27,115
"ballerina",28,26,73
"produce",29,21,78
"briefs",29,20,45
"sledge",26,19,64
"council",27,21,51
"photocopy",28,23,55
"earmuff",25,23,59
"journalist",27,23,65
"pond",26,22,70
"bra",48,43,144
"potboiler",25,24,52
"script",24,23,74
"paw",27,24,60
"sportswoman",26,23,52
"cymbals",25,23,61
"mouthpiece",26,22,55
"prostitute",25,22,51
"employee",26,20,66
"chihuahua",26,22,71
"moccasin",25,23,53
"strap",25,21,64
"bookshelf",26,24,71
"trailer",27,24,70
"banana",25,23,76
"mask",25,24,67
"camisole",25,22,53
"nettle",25,20,55
"crewman",26,21,52
"cement",25,22,65
"chalet",23,19,68
"igloo",25,21,61
"tearoom",25,24,70
"piglet",26,20,70
"fingertip",25,22,73
"item",25,19,66
"prop",54,48,118
"lounge",30,27,92
"helmet",30,28,72
"cork",30,22,65
"juice",33,30,81
"woodwind",28,20,60
"ear",30,28,67
"pasta",29,25,84
"detonator",25,22,44
"bookmarker",29,26,56
"pacemaker",32,25,50
"mantle",30,25,59
"bodybuilder",30,23,54
"beard",33,27,78
"flooring",32,25,80
"visor",29,21,53
"souffle",29,23,70
"sharpener",30,22,52
"wolfhound",28,21,65
"pharmacy",30,22,62
"scraper",30,24,63
"scrotum",28,19,37
"sundae",28,23,69
"leaf",61,53,154
"omelet",56,49,137
"conditioner",31,24,55
"iceboat",25,24,73
"motor",25,19,63
"capsule",26,22,47
"chairperson",25,19,51
"shellfish",26,23,85
"cactus",51,43,114
"macaroni",26,23,78
"gown",26,22,80
"gunfighter",26,23,61
"bricklayer",25,23,59
"strawberry",26,22,98
"dipper",24,19,51
"trout",25,24,91
"bib",25,22,55
"hostess",25,19,60
"crabgrass",23,21,57
"soup",25,22,85
"bed",25,25,100
"automotive",25,22,65
"monument",25,19,62
"helicopter",24,24,72
"piss",25,18,41
"limousine",25,22,74
"vocalist",24,22,70
"workshop",24,19,57
"handhold",25,19,48
"jasmine",27,21,66
"publisher",25,22,44
"nightgown",25,22,68
"pitchfork",26,22,63
"mountain",25,25,83
"asshole",22,17,41
"grill",25,24,66
"floss",26,21,57
"smooch",25,25,44
"sandpaper",26,18,51
"window",24,22,82
"roosters",26,22,66
"thermos",25,22,55
"submarine",25,20,68
"prune",25,22,68
"syringe",51,35,92
"hickory",26,21,59
"nylon",25,15,41
"homework",25,22,63
"sandwich",25,22,65
"juror",21,18,50
"tourist",24,24,62
"curd",26,23,58
"paint",26,24,56
"kebab",27,25,78
"meal",27,25,91
"dachshund",25,24,87
"lawn",27,24,82
"brisket",25,23,63
"bamboo",25,22,76
"thumbnail",25,21,47
"nail",25,23,71
"ketchup",39,33,71
"pigtail",25,14,23
"scallion",25,22,65
"crotch",26,17,26
"punchbowl",27,24,69
"baby",28,26,97
"costumer",27,20,48
"jukebox",26,26,69
"undercoat",25,23,35
"iron",27,21,52
"nun",27,20,38
"mop",26,23,45
"portrait",28,23,75
"mouthwash",27,24,61
"bank",25,22,67
"bookend",26,22,50
"headset",26,22,54
"nameplate",26,20,50
"marksman",26,22,41
"foodstuff",25,24,68
"clergy",25,19,46
"photograph",26,22,77
"pumpkin",25,23,74
"pimento",26,24,72
"servant",30,25,77
"slipknot",25,24,54
"winch",25,22,49
"primate",43,34,91
"stitching",26,24,60
"nursery",27,21,50
"button",28,24,61
"escalator",28,25,48
"dust",29,24,32
"apple",28,26,83
"privates",26,16,20
"spectroscope",25,22,31
"minnow",26,22,38
"bookcase",29,23,45
"deliveryman",27,24,41
"waistband",29,22,38
"passenger",30,19,41
"husky",29,23,57
"ointment",30,26,47
"matchbox",29,26,43
"buttocks",55,48,121
"surveyor",30,20,39
"carp",25,23,43
"pocketbook",30,25,45
"jewel",29,26,55
"ale",27,23,46
"cousin",30,19,40
"woods",30,25,59
"dog",31,28,91
"pendant",32,24,42
"sirloin",29,25,77
"fauna",22,16,35
"beetle",26,21,39
"lemonade",28,28,61
"kettle",28,25,48
"zucchini",31,24,88
"yarn",29,27,68
"xylophone",28,25,56
"wristband",25,22,52
"wrist",24,23,64
"wrestler",25,21,50
"worksheet",25,22,51
"workroom",25,22,58
"wiring",33,20,54
"wineglass",28,27,67
"windbreaker",26,23,56
"whistle",30,28,56
"whiskers",58,47,90
"whip",31,25,57
"wheelchair",27,26,59
"wheelbarrow",29,27,66
"wench",27,20,46
"weatherman",24,22,49
"water",25,25,102
"watchband",24,22,61
"washbasin",25,25,66
"walrus",25,22,57
"walnut",25,25,90
"wallboard",25,23,54
"waist",25,21,40
"waffle",27,21,65
"voter",24,23,38
"vomit",25,23,39
"volleyball",26,23,93
"violinist",28,22,44
"villager",25,21,45
"videotape",26,25,69
"vaseline",25,23,57
"vanilla",29,26,61
"urinal",32,25,43
"underclothes",53,49,127
"umbrella",29,25,72
"tutu",25,21,48
"turf",26,22,44
"tunic",25,23,58
"tuna",29,26,87
"tulip",27,22,60
"truck",55,55,183
"trophy",25,20,65
"trolley",29,28,65
"triceps",29,25,59
"trench",25,19,53
"trampoline",25,24,70
"trainee",26,24,51
"track",27,26,81
"townsfolk",58,41,101
"tourniquet",27,25,36
"toothbrush",28,24,74
"toast",26,22,51
"tinderbox",24,23,39
"timepiece",25,25,47
"tile",30,24,53
"tickler",25,20,31
"thyme",25,22,46
"thumbtack",25,24,50
"throne",28,20,43
"thong",26,17,36
"thermostat",24,22,43
"terrace",25,25,62
"tee",25,15,45
"teaspoon",29,29,74
"teacher",26,22,60
"tartar",29,21,35
"tar",21,15,32
"tapestry",25,22,57
"tangerine",25,23,99
"tampon",26,13,27
"tailor",31,24,56
"taillight",28,24,36
"taco",25,22,67
"tabloid",28,23,64
"tableware",27,22,59
"tablecloth",25,21,66
"sweatband",28,26,64
"surgeon",31,27,78
"supper",29,23,62
"supervisor",29,22,67
"sunroof",25,22,56
"suds",26,17,43
"streets",29,25,97
"street",26,23,86
"storybook",29,29,75
"stomach",25,25,52
"stocking",25,24,59
"stirrer",31,27,64
"stepson",28,24,54
"stepfather",26,22,62
"stepbrother",26,22,69
"stencil",25,22,51
"stem",26,22,39
"starch",28,23,50
"staple",31,27,58
"stall",26,18,42
"staircase",31,29,75
"stagecoach",29,25,63
"stage",24,22,80
"squeegee",25,20,46
"sprayer",27,24,56
"spool",22,17,33
"spine",26,22,61
"speedboat",31,28,80
"spacesuit",28,22,51
"softball",33,31,100
"sofa",32,32,94
"soccer",32,31,95
"sledgehammer",30,28,60
"slacks",32,25,54
"sketch",27,26,63
"skeleton",28,24,51
"sideburns",26,21,39
"sideboard",27,20,38
"shutter",26,20,44
"shoulder",27,25,75
"shopkeeper",25,21,47
"shoehorn",27,22,40
"shoe",28,25,76
"shipman",25,18,43
"shingle",53,39,75
"sheepdog",28,25,82
"shavings",60,40,71
"shank",24,24,53
"shampoo",30,30,76
"sesame",25,22,62
"seamstress",26,25,67
"scrapbook",25,24,70
"scotch",31,25,71
"scissors",60,60,135
"schoolwork",24,23,67
"school",24,23,75
"scarecrow",25,20,33
"scapula",26,22,41
"scallop",24,22,52
"saucepan",25,25,75
"sapphire",30,23,54
"sand",26,20,56
"salamander",24,22,64
"saddlebag",28,24,64
"runner",32,25,74
"ruler",24,23,61
"rowboat",26,20,63
"rosewater",26,20,42
"rose",28,26,94
"rope",28,27,89
"robber",28,25,46
"road",30,30,80
"river",25,23,82
"rifle",29,29,102
"respirator",25,19,43
"recorder",27,21,45
"receptionist",27,21,60
"rat",25,19,48
"raspberry",25,22,76
"questionnaire",30,27,59
"quarterback",25,20,46
"pulley",23,21,55
"projector",29,24,49
"potty",26,21,37
"potpourri",25,21,35
"postcard",28,24,72
"poop",25,22,50
"policeman",30,25,61
"poet",29,28,60
"plug",29,21,48
"plexiglas",25,20,41
"playwright",26,25,46
"platform",30,24,57
"plate",31,27,90
"plaque",26,21,41
"planter",26,22,44
"plant",25,22,61
"pizza",28,27,91
"pinball",27,25,51
"pilot",28,27,56
"pillow",28,28,87
"pig",29,27,73
"photocopier",24,23,61
"pepperoni",29,26,60
"pennant",26,21,39
"pen",25,25,86
"peg",25,24,45
"pedometer",25,24,50
"pecan",25,22,76
"pebble",29,26,64
"parent",27,26,73
"parchment",25,22,60
"panties",29,26,63
"pamphlet",27,25,93
"pajamas",59,57,137
"pail",25,25,73
"page",31,30,88
"padlock",26,21,48
"package",25,23,87
"outhouse",31,22,47
"ottoman",27,23,79
"orgy",25,23,45
"orchid",28,20,50
"onion",32,29,109
"olive",29,26,86
"okra",24,24,73
"nutmeg",25,24,65
"noose",25,22,52
"noodle",55,52,164
"nipple",25,20,42
"nightshirt",26,25,70
"nightclub",28,26,90
"newsreader",26,17,37
"newsboy",25,21,40
"mustache",26,21,63
"musician",31,29,89
"mushroom",26,24,87
"museum",28,25,65
"muffin",30,30,72
"motorcyclist",25,21,55
"mitt",25,17,39
"milk",27,25,83
"midwife",32,27,67
"meteorologist",26,22,43
"megaphone",27,24,50
"medal",21,16,44
"mathematician",25,23,62
"mascot",28,20,43
"marketeer",23,19,46
"margarine",26,25,57
"marbles",27,22,64
"manuscript",26,21,55
"manure",25,24,67
"mantel",26,22,46
"mansion",57,47,157
"mallard",24,23,71
"magnolia",27,20,58
"magnet",25,22,38
"mace",26,26,77
"lunchroom",25,24,84
"lunch",25,24,79
"lubricant",28,24,38
"lozenge",25,23,57
"loaf",26,16,38
"liquor",27,25,59
"lime",55,45,134
"limb",26,22,73
"lily",53,41,129
"lifebuoy",26,22,52
"licence",25,23,73
"lens",26,22,45
"lemon",27,26,105
"leg",28,28,108
"leather",25,19,62
"leaflet",25,23,74
"larvae",30,19,30
"lad",26,19,40
"knuckle",53,50,130
"knot",26,23,49
"knob",27,24,46
"knitting",29,21,43
"knickers",23,19,52
"knapsack",26,23,47
"key",29,27,68
"keg",25,23,69
"kale",25,22,57
"jumper",25,22,62
"jersey",29,21,43
"jawbreaker",26,22,60
"infant",28,24,72
"icebox",27,25,59
"husk",26,20,44
"hug",25,24,55
"hound",25,22,74
"hotel",27,26,71
"hostel",25,25,62
"horseradish",25,19,40
"horseman",24,20,44
"hookers",26,23,56
"hood",27,20,47
"honeysuckle",29,25,72
"honeycomb",24,23,63
"holder",31,25,54
"him",25,19,53
"hiker",26,23,58
"hen",29,21,52
"heads",29,25,56
"headpiece",29,26,55
"headmistress",26,23,53
"headlight",31,30,63
"headboard",26,21,44
"hatband",25,19,33
"harness",24,24,53
"hardwood",27,20,53
"hardcover",28,20,38
"handclap",23,23,46
"handball",27,25,91
"hand",24,23,103
"hamper",28,25,66
"hammer",24,24,62
"hairline",28,21,51
"hairdo",27,24,52
"gynecologist",26,21,42
"gym",24,23,61
"guy",30,25,80
"gun",25,23,70
"guitarist",26,23,55
"guardrail",25,22,52
"guardhouse",25,22,43
"ground",26,24,64
"groceries",50,45,148
"grenade",25,23,57
"greenhouse",25,20,49
"grave",29,27,72
"grater",28,20,37
"grapefruit",26,23,75
"gooseberry",30,25,60
"golf",25,22,48
"godfather",27,21,33
"glass",30,28,91
"girdle",25,21,33
"gingerbread",30,26,86
"gasket",18,14,23
"garlic",27,25,67
"garbage",25,22,48
"frosting",27,22,52
"freezer",25,20,42
"forest",24,24,62
"forefinger",25,23,64
"footwear",26,24,76
"footboard",27,21,37
"flour",25,24,59
"flaxseed",24,23,56
"flamethrower",25,22,47
"fishpond",30,24,61
"fish",30,29,112
"firearm",32,31,85
"fiancee",27,27,76
"festival",30,26,83
"ferryboat",25,22,68
"fern",23,20,61
"female",29,21,55
"featherbed",27,25,55
"farmer",25,20,62
"farm",29,25,78
"face",25,24,69
"eyewash",27,24,47
"eyeglass",24,24,63
"eye",31,29,96
"examiner",26,23,53
"equipment",25,24,76
"engineer",26,23,51
"employer",25,21,48
"electrocardiogram",33,26,36
"electrician",25,22,52
"educator",25,25,90
"editor",28,22,51
"earplugs",26,23,67
"dye",24,17,48
"duster",25,23,47
"dustbin",25,22,62
"driver",28,20,31
"dressmaker",27,24,55
"doughnut",25,23,52
"dough",30,26,79
"dormitory",28,26,70
"dorm",29,24,85
"doorstop",27,21,51
"door",29,28,96
"dominoes",49,43,108
"dollhouse",27,25,79
"document",28,21,71
"dish",25,24,85
"diploma",31,24,58
"dinnerware",28,28,81
"dictionary",28,26,72
"diamond",26,21,71
"diagram",26,24,52
"deodorant",25,20,45
"den",24,24,63
"deliverer",31,26,52
"deck",24,24,73
"debris",23,19,49
"dandelion",26,24,63
"custodian",25,22,50
"crouton",28,21,58
"crayfish",26,22,63
"crap",24,15,29
"crane",26,22,56
"cranberry",25,23,68
"cowhide",24,21,45
"counselor",26,25,53
"councilman",25,19,45
"cosmetics",29,21,47
"corsage",26,20,34
"cornflower",27,21,45
"cornflakes",25,23,66
"copilot",28,25,62
"cooler",29,26,75
"contraceptive",25,22,37
"container",30,26,77
"concrete",25,23,78
"concert",25,22,73
"companion",25,22,62
"collarbone",29,21,37
"coffeepot",28,26,65
"coffee",28,26,80
"coaster",26,22,60
"clove",28,25,63
"clothes",48,43,168
"clock",26,24,68
"cloak",25,23,63
"cleavers",28,24,61
"cleavage",27,20,34
"clamshell",27,22,51
"cider",31,30,69
"chow",25,19,43
"chocolate",25,23,69
"chisel",25,23,60
"chin",26,22,65
"chimney",27,20,36
"chili",33,30,75
"chickenfeed",33,29,59
"chevy",28,27,70
"chef",24,24,76
"cheek",25,22,82
"chauffeur",25,22,50
"ceramics",27,25,73
"centipede",25,19,53
"cauliflower",29,29,96
"cauldron",28,26,56
"cattle",25,17,46
"catapult",29,26,42
"catalogue",27,24,69
"cat",29,25,55
"castle",29,23,66
"casket",30,26,70
"cashier",28,23,60
"cardboard",26,26,80
"cantaloupe",25,22,61
"cannabis",26,23,74
"candy",25,24,98
"candle",32,32,88
"calender",25,23,52
"calculator",32,27,82
"cafeteria",28,25,70
"cabdriver",29,26,56
"cab",31,31,80
"buttonhook",24,21,42
"butterscotch",27,21,50
"buttercup",25,22,51
"busman",26,23,55
"businessman",26,24,58
"burlap",26,17,45
"bullet",32,30,72
"bulldozer",28,27,62
"building",25,23,59
"builder",26,23,51
"brush",50,44,113
"brow",24,22,66
"broomstick",26,22,53
"bowling",26,18,53
"bowl",27,21,65
"booklet",27,25,74
"bookkeeper",28,26,69
"bomb",25,24,67
"bluefish",27,26,78
"blowtorch",27,24,54
"blowgun",25,22,48
"blackboard",29,29,69
"bistro",26,23,62
"birdbath",25,22,56
"bike",29,28,101
"beret",27,24,45
"belongings",29,22,52
"bellman",29,19,55
"beggar",25,20,43
"beautician",30,23,47
"beaker",28,24,59
"bath",25,23,69
"basketball",28,26,105
"baseboard",27,20,37
"banknote",29,21,43
"banjo",29,28,60
"bandage",29,27,79
"baggage",30,26,82
"badminton",25,19,49
"badge",30,29,70
"backscratcher",25,25,67
"backdoor",26,21,41
"babe",28,21,44
"axe",97,94,264
"awning",25,24,56
"aunt",22,15,35
"attire",29,22,65
"atlas",25,22,50
"athlete",25,22,67
"astronaut",26,21,55
"asphalt",27,12,26
"armpit",26,20,45
"aquarium",25,24,76
"apparel",30,28,91
"ankle",25,22,72
"anchovy",25,23,48
"ambulance",27,23,49
"aluminum",26,22,54
"almond",31,27,65
"airman",25,24,56
"actor",27,20,52
"television",26,24,84
"clam",25,22,64
"tutor",24,23,56
"puddle",25,22,65
"boomerang",25,24,65
"pumpernickel",24,20,56
"seawater",25,21,49
"stool",25,25,84
"shield",25,24,56
"carport",26,22,61
"stockbroker",23,18,55
"artist",26,26,80
"rabbit",24,22,75
"needlepoint",24,24,67
"peephole",24,23,53
"wigmaker",25,19,36
"buckwheat",23,18,55
"boat",25,20,73
"shed",25,20,49
"beach",26,24,95
"mountainside",26,24,88
"dress",25,22,69
"drone",26,24,75
"rosebush",24,22,55
"parachute",25,23,62
"diaphragm",25,22,44
"trunk",25,22,55
"junk",25,23,56
"lasso",30,26,57
"diaper",28,23,58
"brick",28,24,73
"bucket",28,27,86
"prize",27,24,53
"crown",28,22,59
"child",29,24,77
"flowerbed",32,26,67
"earplug",31,25,49
"shaker",31,28,60
"shovel",29,28,72
"pill",30,24,56
"suture",28,24,42
"stapler",30,24,52
"shirt",30,28,98
"auditorium",29,24,66
"journal",31,28,92
"slide",30,25,56
"woodcraft",29,22,43
"turtleneck",27,24,61
"box",26,23,82
"honeydew",29,25,51
"breadbasket",29,25,66
"lodge",31,28,76
"ice",29,23,75
"mat",31,28,83
"tracksuit",31,29,85
"lamb",32,26,73
"pal",32,25,77
"insect",32,27,82
"sauce",32,31,107
"roast",32,28,65
"slug",29,23,49
"weapon",60,56,189
"powder",31,28,77
"head",34,30,94
"steelworker",31,24,52
"magazine",33,30,94
"merchantman",30,28,57
"caretaker",31,30,76
"snot",30,25,59
"wallet",33,29,103
"mistletoe",32,30,65
"poster",30,29,96
"crepe",32,28,87
"prisoner",30,23,66
"citrus",31,29,73
"flapjack",28,24,77
"novel",26,23,71
"garage",29,25,62
"cocoa",31,21,66
"buddy",29,25,73
"crosswalk",30,26,67
"gem",33,21,58
"sketchbook",59,58,199
"theatergoer",30,25,49
"rodent",27,22,63
"poinsettia",31,28,71
"sedan",28,22,77
"shack",31,29,66
"neurologist",33,25,57
"pastry",28,24,92
"dinner",29,24,77
"craftsman",31,26,50
"firewood",29,28,88
"stepladder",31,29,76
"instructor",30,28,77
"seedling",30,27,64
"antennae",28,20,53
"jam",27,21,77
"tambourine",31,25,76
"oilcloth",27,21,57
"cookie",26,23,83
"backpack",26,20,61
"splinter",25,22,39
"yardstick",29,25,48
"kitchen",28,26,91
"treadmill",28,28,67
"cage",28,22,53
"tray",30,26,66
"switchblade",28,27,75
"woodcutter",25,22,43
"saltwater",30,24,54
"lubrication",26,23,44
"goggles",50,47,107
"letterbox",26,23,47
"steak",27,24,78
"lantern",28,26,58
"toe",27,25,75
"couch",27,27,100
"bagpipe",49,44,107
"tear",27,24,41
"barley",25,20,61
"goose",25,21,53
"raft",29,27,70
"godparent",27,23,59
"silkworm",27,20,32
"programmer",26,21,41
"thread",26,22,54
"sweater",27,21,63
"eyeball",27,26,66
"leopard",26,23,69
"croissant",28,20,57
"armor",25,24,60
"packaging",25,24,63
"bellboy",27,20,46
"cosmetician",25,14,39
"skewer",25,20,46
"elevator",25,21,37
"inventor",28,21,48
"appetizer",25,20,53
"tenderloin",27,20,70
"espresso",27,22,56
"dishwasher",25,24,62
"guard",25,22,53
"girlfriend",28,21,62
"chimpanzee",27,22,62
"semen",25,19,34
"breastplate",25,20,37
"coupon",25,23,44
"basin",27,21,53
"adapter",26,22,47
"gangster",25,20,39
"condominium",25,22,79
"piano",25,22,54
"ring",26,22,72
"lizard",26,22,53
"quill",25,25,51
"seaweed",25,20,51
"can",25,22,75
"iguana",26,23,54
"schoolhouse",26,22,58
"gumdrop",25,22,62
"splint",24,22,46
"muffler",26,21,44
"cadillac",26,22,74
"sunflower",26,24,77
"bell",25,22,65
"steroids",26,20,55
"toiletry",25,22,56
"cutlery",25,24,76
"spinach",25,24,79
"bugle",25,21,55
"organ",25,23,70
"checkerboard",26,22,50
"snowshoe",24,22,57
"washroom",25,22,60
"ammunition",49,39,118
"guesthouse",25,23,71
"placenta",27,22,52
"frog",25,22,55
"topsoil",27,22,51
"crawfish",31,27,78
"testes",26,21,41
"vein",32,24,54
"cabinet",33,26,59
"kitty",33,26,65
"anus",32,24,41
"trinket",27,22,59
"kelp",26,22,48
"squirrel",29,24,60
"jogger",30,26,47
"vest",31,26,71
"rake",32,28,57
"liqueur",32,27,73
"vine",31,25,53
"oxtail",28,21,44
"playroom",32,25,57
"spareribs",28,21,53
"eraser",34,33,71
"amulet",27,20,44
"copybook",31,25,56
"addict",29,18,33
"pharmacist",35,22,53
"blackberry",32,24,73
"menu",33,28,71
"soil",34,30,70
"cotton",29,25,54
"wagon",34,30,63
"cord",28,25,72
"flannel",54,44,141
"vagina",56,47,98
"hamstring",26,25,61
"doctor",27,25,83
"pedestal",28,24,61
"granddaughter",26,21,61
"clip",51,44,115
"crayon",31,26,97
"doorstep",29,27,75
"booth",31,28,82
"hairpin",27,25,67
"milkshake",27,26,89
"earring",27,23,71
"fisherman",31,26,82
"seasoning",27,23,66
"driftwood",26,23,62
"tuba",29,25,69
"cheeseburger",27,27,89
"cleat",27,24,59
"author",27,24,75
"cocktail",27,26,88
"closet",36,32,86
"string",60,51,153
"hourglass",31,27,64
"condiment",35,26,81
"sifter",30,28,65
"mall",34,31,83
"toddler",32,24,99
"shot",30,24,61
"champagne",33,29,82
"bystander",28,23,52
"dairy",33,24,73
"bartender",36,31,91
"mayonnaise",65,52,154
"cobweb",32,24,51
"showerhead",32,26,80
"necklace",34,24,76
"dock",34,27,84
"stockings",32,25,83
"flower",36,31,123
"bass",33,23,77
"certificate",32,26,98
"dumbbell",31,27,77
"pinkie",31,23,61
"someone",32,24,114
"fungus",30,24,71
"hip",32,28,83
"beet",30,24,90
"battleship",30,25,69
"plywood",32,29,79
"ferret",29,26,60
"dagger",58,56,172
"handsaw",28,28,66
"snowdrift",29,21,55
"herbivore",31,22,47
"locker",32,29,65
"scrubber",32,31,66
"blood",31,26,62
"roach",33,24,62
"pickle",33,29,77
"rhubarb",26,21,62
"propeller",31,26,57
"wine",32,32,84
"accessory",30,24,71
"cheesecake",32,26,87
"teeth",33,33,108
"nostril",35,33,82
"newsagent",27,21,55
"brochure",30,26,70
"horsewhip",32,29,54
"stewardess",27,25,60
"bun",31,23,63
"skate",32,24,58
"attorney",32,24,53
"book",31,29,101
"armband",30,25,62
"biscuit",31,26,82
"wart",26,21,40
"jacket",26,26,84
"washerwoman",25,24,48
"bubble",26,25,58
"gingersnap",26,25,58
"fingerboard",26,20,34
"memorabilia",27,25,84
"wastebasket",25,20,51
"leech",26,26,46
"handbook",25,22,65
"caddy",24,23,54
"bookseller",26,24,51
"groom",26,22,54
"drill",25,24,54
"nutshell",27,23,50
"chapel",30,29,87
"doorknob",25,25,79
"sleigh",27,25,59
"aftershave",25,22,47
"rum",27,25,59
"headphones",26,24,70
"parka",30,27,69
"mincemeat",27,24,58
"gearbox",26,22,45
"feline",27,20,63
"spices",53,49,126
"frame",27,26,61
"kitten",25,23,84
"kid",52,42,151
"whiskey",59,54,143
"harvest",34,27,57
"physician",32,29,75
"scale",33,28,62
"family",35,31,90
"tofu",32,25,70
"bicep",33,28,72
"tabasco",31,25,54
"ticket",32,24,61
"bathe",32,27,56
"pilaf",25,22,49
"chronograph",24,22,37
"berry",35,31,93
"wand",33,29,65
"balcony",34,32,78
"ginger",31,28,65
"parsnip",26,23,75
"van",37,34,94
"chinaware",34,30,78
"myself",28,21,99
"snowfall",34,27,70
"tinfoil",35,32,87
"canvas",63,60,169
"footballer",31,26,79
"bird",33,31,78
"crystal",34,27,63
"screw",31,29,66
"blindfold",32,30,65
"desert",33,26,49
"radish",32,26,71
"mucus",56,38,81
"controller",34,22,48
"banquet",30,23,56
"conductor",31,27,48
"motorboat",33,30,77
"guitar",32,28,81
"cushion",33,29,77
"funnel",33,28,57
"eyebath",30,24,38
"pad",33,29,67
"grapevine",30,24,49
"kilt",28,26,44
"mulch",30,25,41
"storeroom",32,24,51
"silk",33,20,41
"people",32,29,92
"pine",33,25,56
"cheese",32,29,84
"dad",54,42,108
"salesman",33,28,51
"store",31,28,70
"grandniece",32,21,52
"medic",59,51,112
"peanut",33,28,66
"goldfish",33,27,74
"suspenders",71,58,115
"person",33,29,94
"tent",32,32,74
"eyelid",32,30,74
"groundsman",27,21,56
"torchlight",30,26,61
"pantry",31,28,50
"matter",25,13,48
"paperback",28,19,61
"eggplant",27,25,69
"linoleum",26,20,49
"creek",27,24,64
"stick",32,30,88
"body",27,22,111
"shelter",31,28,76
"motel",30,27,77
"drug",30,27,76
"ashcan",30,24,40
"avocado",29,26,75
"fruit",29,27,80
"beef",31,28,77
"arrow",28,24,65
"plum",27,25,70
"illustrator",30,27,60
"client",30,21,55
"strongbox",26,21,43
"seat",51,47,102
"roll",29,26,57
"hoe",28,24,59
"accordion",26,22,52
"case",32,26,57
"clay",29,25,72
"block",31,24,78
"tube",29,27,68
"token",28,24,70
"purse",30,27,70
"saleslady",27,25,71
"wrapper",30,27,71
"hardware",27,24,55
"duck",29,24,75
"landscape",29,27,65
"shell",29,26,70
"altarpiece",26,23,56
"asparagus",27,26,79
"strainer",31,25,48
"elbow",30,29,67
"vessel",28,21,58
"cane",31,29,81
"orchard",29,23,55
"belly",30,24,61
"veal",25,20,57
"wound",60,54,131
"rancher",26,21,53
"chemicals",31,28,79
"mayor",30,26,64
"platter",28,25,65
"bench",28,27,82
"coleslaw",29,25,70
"sundeck",26,25,72
"newsstand",27,26,65
"teapot",27,24,50
"tongs",53,49,108
"claw",27,24,59
"money",27,26,83
"grandma",24,23,65
"investigator",28,24,55
"storekeeper",26,23,59
"pooch",25,20,54
"corridor",25,24,68
"cake",27,25,91
"oceanographer",26,23,50
"parachutist",25,23,41
"restaurant",24,23,63
"keyboard",27,26,61
"thermometer",25,23,47
"cap",25,24,68
"trapeze",25,22,45
"essay",25,24,73
"rod",25,22,49
"lifeboat",27,25,57
"slut",25,20,42
"refrigerator",26,24,66
"burger",25,24,70
"flounder",26,22,62
"sibling",25,21,71
"racket",27,21,57
"lounger",27,27,75
"chalice",28,25,56
"ashtray",32,27,59
"nephew",29,23,69
"fireplace",31,31,72
"yam",32,30,80
"cable",32,29,69
"scalpel",29,29,66
"robot",30,27,66
"pacifier",32,31,71
"blazer",33,32,74
"sock",30,28,80
"windowsill",29,28,60
"drumstick",31,29,75
"hippie",26,20,47
"blouse",32,31,81
"pool",34,32,94
"grits",31,30,63
"housecoat",29,27,69
"step",31,29,72
"stove",33,32,94
"chessboard",32,29,70
"valet",29,27,45
"cube",31,25,67
"kiss",54,43,78
"fleece",33,29,66
"calf",55,46,114
"dirt",34,30,92
"device",33,27,97
"pan",34,31,98
"corn",33,32,109
"grandchild",33,25,76
"teaspoonful",34,29,73
"kettledrum",28,22,44
"village",35,27,68
"crust",34,27,77
"trigger",34,26,52
"taffy",33,31,88
"rectum",32,22,45
"molasses",32,31,77
"acupuncture",32,22,39
"mullet",57,41,94
"raincoat",33,31,89
"mongoose",29,22,60
"parakeet",28,22,56
"furnace",32,27,58
"hibachi",30,24,62
"butt",32,26,76
"flatiron",31,28,64
"flowerpot",34,30,77
"belt",33,30,73
"apartment",60,56,195
"casserole",32,27,84
"nut",33,31,94
"yogurt",24,22,49
"yourself",24,20,67
"newscaster",27,21,38
"gondola",26,22,45
"dolphin",25,22,48
"toy",25,22,62
"skittles",53,44,127
"mice",25,22,54
"barman",25,22,60
"prankster",25,22,43
"turban",25,19,36
"rainwater",27,23,71
"choreographer",25,23,46
"teabag",26,22,44
"assemblyman",25,21,35
"antibiotics",28,20,42
"trap",25,22,47
"bottle",26,21,71
"lettuce",27,20,58
"underwear",84,70,202
"gunpowder",27,20,40
"satchel",26,23,51
"godmother",28,23,55
"hotplate",26,22,46
"blower",26,24,39
"boot",46,43,115
"courtyard",25,21,55
"goalpost",26,19,42
"nickel",33,28,63
"policewoman",32,25,60
"easel",29,24,68
"collar",32,24,49
"thigh",30,23,63
"cocaine",30,21,67
"lake",33,30,97
"pole",29,24,66
"checklist",30,27,64
"note",32,31,88
"jeans",56,48,127
"paraphernalia",26,18,46
"genitals",96,83,188
"paintbox",27,25,63
"mortician",28,20,43
"satin",31,21,48
"linen",31,20,57
"cellar",34,28,48
"raindrop",29,23,55
"soap",33,33,83
"coal",31,29,71
"bayonet",26,23,58
"spatula",34,34,84
"sardine",34,28,75
"stoop",28,21,43
"scientist",32,27,64
"apprentice",31,27,56
"lip",31,29,84
"eyepiece",33,30,61
"pedal",31,30,70
"cedar",32,27,72
"prosecutor",30,23,58
"hoop",30,27,69
"figurine",33,30,87
"sheepskin",31,25,64
"antique",58,53,169
"wristlet",29,25,57
"tranquilizer",60,56,102
"medicine",60,54,184
"keyhole",31,30,62
"sandbank",32,26,55
"waste",30,27,66
"woodwork",33,29,85
"postman",34,33,76
"doll",33,30,107
"pomegranate",34,34,106
"worker",32,29,78
"picture frame",30,29,88
"paprika",31,31,76
"crutch",30,29,69
"cabbage",31,29,93
"copper",32,23,54
"powderpuff",31,25,61
