"Username","Trial","Condition.Description","Stimuli.Cue","Procedure.Item","affordance_parsed","affordance_corrected"
"M20248065JAO",11,"Version 100","deck",2989,"play","play"
"M20248065JAO",11,"Version 100","deck",2989,"arrange","arrange"
"M20248065JAO",11,"Version 100","deck",2989,"distribute","distribute"
"M20248065JAO",11,"Version 100","deck",2989,"lay","lay"
"M20248065JAO",12,"Version 100","wallboard",2979,"climb","climb"
"M20248065JAO",12,"Version 100","wallboard",2979,"strengthen","strengthen"
"M20248065JAO",12,"Version 100","wallboard",2979,"build","build"
"M20248065JAO",12,"Version 100","wallboard",2979,"break","break"
"M20248065JAO",13,"Version 100","knickers",2978,"eat","eat"
"M20248065JAO",13,"Version 100","knickers",2978,"make","make"
"M20248065JAO",13,"Version 100","knickers",2978,"open","open"
"M20248065JAO",13,"Version 100","knickers",2978,"throw","throw"
"M20248065JAO",14,"Version 100","guardrail",2992,"balance","balance"
"M20248065JAO",14,"Version 100","guardrail",2992,"destroy","destroy"
"M20248065JAO",14,"Version 100","guardrail",2992,"sit","sit"
"M20248065JAO",14,"Version 100","guardrail",2992,"hold","hold"
"M20248065JAO",15,"Version 100","centipede",2987,"touch","touch"
"M20248065JAO",15,"Version 100","centipede",2987,"play","play"
"M20248065JAO",15,"Version 100","centipede",2987,"step on","step on"
"M20248065JAO",16,"Version 100","greenhouse",2976,"build","build"
"M20248065JAO",16,"Version 100","greenhouse",2976,"farm","farm"
"M20248065JAO",17,"Version 100","topaz",2993,"paint","paint"
"M20248065JAO",17,"Version 100","topaz",2993,"color","color"
"M20248065JAO",17,"Version 100","topaz",2993,"wear","wear"
"M20248065JAO",17,"Version 100","topaz",2993,"design","design"
"M20248065JAO",19,"Version 100","earplugs",2997,"remove","remove"
"M20248065JAO",19,"Version 100","earplugs",2997,"wear","wear"
"M20248065JAO",19,"Version 100","earplugs",2997,"buy","buy"
"M20248065JAO",19,"Version 100","earplugs",2997,"distribute","distribute"
"M20248065JAO",19,"Version 100","earplugs",2997,"fit","fit"
"M20248065JAO",20,"Version 100","pulley",2974,"buy","buy"
"M20248065JAO",20,"Version 100","pulley",2974,"push","push"
"M20248065JAO",20,"Version 100","pulley",2974,"connect","connect"
"M20248065JAO",21,"Version 100","waffle",2984,"prepare","prepare"
"M20248065JAO",21,"Version 100","waffle",2984,"buy","buy"
"M20248065JAO",21,"Version 100","waffle",2984,"throw","throw"
"M20248065JAO",21,"Version 100","waffle",2984,"eat","eat"
"M20248065JAO",22,"Version 100","bowling",2981,"organize","organize"
"M20248065JAO",22,"Version 100","bowling",2981,"plan","plan"
"M20248065JAO",22,"Version 100","bowling",2981,"go","go"
"M20248065JAO",23,"Version 100","tee",2985,"wear","wear"
"M20248065JAO",23,"Version 100","tee",2985,"design","design"
"M20248065JAO",23,"Version 100","tee",2985,"purchase","purchase"
"M20248065JAO",24,"Version 100","fieldstone",2991,"rub","rub"
"M20248065JAO",24,"Version 100","fieldstone",2991,"throw","throw"
"M20248065JAO",24,"Version 100","fieldstone",2991,"collect","collect"
"M20248065JAO",25,"Version 100","Fern",2977,"prop","prop"
"M20248065JAO",25,"Version 100","Fern",2977,"plant","plant"
"M20248065JAO",25,"Version 100","Fern",2977,"decorate","decorate"
"M20248065JAO",26,"Version 100","hound",2975,"hunt","hunt"
"M20248065JAO",26,"Version 100","hound",2975,"pet","pet"
"M20248065JAO",27,"Version 100","breadboard",2988,"clean","clean"
"M20248065JAO",27,"Version 100","breadboard",2988,"build","build"
"M20248065JAO",27,"Version 100","breadboard",2988,"buy","buy"
"M20248065JAO",28,"Version 100","marketeer",2990,"listen","listen"
"M20248065JAO",28,"Version 100","marketeer",2990,"question","question"
"M20248065JAO",28,"Version 100","marketeer",2990,"hire","hire"
"M20248065JAO",29,"Version 100","wrist",2994,"break","break"
"M20248065JAO",29,"Version 100","wrist",2994,"twist","twist"
"M20248065JAO",30,"Version 100","respirator",2996,"breathe","breathe"
"M20248065JAO",30,"Version 100","respirator",2996,"connect","connect"
"M20248065JAO",31,"Version 100","brow",2999,"shape","shape"
"M20248065JAO",31,"Version 100","brow",2999,"color","color"
"M20248065JAO",31,"Version 100","brow",2999,"design","design"
"M20248065JAO",32,"Version 100","badminton",3000,"play","play"
"M20248065JAO",32,"Version 100","badminton",3000,"purchase","purchase"
"M20248065JAO",33,"Version 100","debris",2972,"dust","dust"
"M20248065JAO",33,"Version 100","debris",2972,"shake","shake"
"M20248065JAO",33,"Version 100","debris",2972,"wipe off","wipe off"
"M20248065JAO",34,"Version 100","dish",2982,"wash","wash"
"M20248065JAO",34,"Version 100","dish",2982,"dry","dry"
"M20248065JAO",34,"Version 100","dish",2982,"eat from","eat from"
"M20248065JAO",35,"Version 100","waist",2998,"cinch","cinch"
"M20248065JAO",35,"Version 100","waist",2998,"construct","construct"
"M20248065JAO",35,"Version 100","waist",2998,"draw","draw"
"M20248065JAO",35,"Version 100","waist",2998,"repair","repair"
"M20248065JAO",37,"Version 100","dye",2973,"paint","paint"
"M20248065JAO",37,"Version 100","dye",2973,"mix","mix"
"M20248065JAO",37,"Version 100","dye",2973,"prepare","prepare"
"M20248065JAO",38,"Version 100","trampoline",2995,"jump","jump"
"M20248065JAO",38,"Version 100","trampoline",2995,"fix","fix"
"M20248065JAO",40,"Version 100","limb",2983,"stretch","stretch"
"M20248065JAO",40,"Version 100","limb",2983,"flex","flex"
"M20263954AL",11,"Version 2","blower",54,"throw","throw"
"M20263954AL",11,"Version 2","blower",54,"clean","clean"
"M20263954AL",12,"Version 2","turban",41,"wear it","wear it"
"M20263954AL",12,"Version 2","turban",41,"sit on","sit on"
"M20263954AL",12,"Version 2","turban",41,"throw","throw"
"M20263954AL",12,"Version 2","turban",41,"kick","kick"
"M20263954AL",13,"Version 2","courtyard",32,"sit in","sit in"
"M20263954AL",13,"Version 2","courtyard",32,"walk","walk"
"M20263954AL",14,"Version 2","tripe",57,"eat","eat"
"M20263954AL",14,"Version 2","tripe",57,"throw","throw"
"M20263954AL",14,"Version 2","tripe",57,"kick","kick"
"M20263954AL",14,"Version 2","tripe",57,"cook","cook"
"M20263954AL",15,"Version 2","gondola",53,"sit in","sit in"
"M20263954AL",15,"Version 2","gondola",53,"wash","wash"
"M20263954AL",15,"Version 2","gondola",53,"travel","travel"
"M20263954AL",15,"Version 2","gondola",53,"step on","step on"
"M20263954AL",16,"Version 2","boot",42,"wear","wear"
"M20263954AL",16,"Version 2","boot",42,"throw","throw"
"M20263954AL",16,"Version 2","boot",42,"kick","kick"
"M20263954AL",16,"Version 2","boot",42,"sit on","sit on"
"M20263954AL",17,"Version 2","barman",40,"serve","serve"
"M20263954AL",17,"Version 2","barman",40,"talk to","talk to"
"M20263954AL",17,"Version 2","barman",40,"laugh ","laugh "
"M20263954AL",18,"Version 2","hotplate",46,"heat up food","heat up food"
"M20263954AL",18,"Version 2","hotplate",46,"throw it","throw it"
"M20263954AL",19,"Version 2","godmother",47,"hug","hug"
"M20263954AL",19,"Version 2","godmother",47,"talk to","talk to"
"M20263954AL",19,"Version 2","godmother",47,"laugh with","laugh with"
"M20263954AL",19,"Version 2","godmother",47,"protect","protect"
"M20263954AL",19,"Version 2","godmother",47,"compassionate","compassionate"
"M20263954AL",20,"Version 2","trap",58,"step on","step on"
"M20263954AL",20,"Version 2","trap",58,"throw","throw"
"M20263954AL",20,"Version 2","trap",58,"kick ","kick "
"M20263954AL",21,"Version 2","bottle",36,"brake","brake"
"M20263954AL",21,"Version 2","bottle",36,"build","build"
"M20263954AL",21,"Version 2","bottle",36,"hydrate","hydrate"
"M20263954AL",21,"Version 2","bottle",36,"cut ","cut "
"M20263954AL",22,"Version 2","rainwater",61,"drink","drink"
"M20263954AL",22,"Version 2","rainwater",61,"throw","throw"
"M20263954AL",22,"Version 2","rainwater",61,"step in","step in"
"M20263954AL",23,"Version 2","gunpowder",55,"throw","throw"
"M20263954AL",24,"Version 2","newscaster",33,"share information","share information"
"M20263954AL",24,"Version 2","newscaster",33,"dangerous situations","dangerous situations"
"M20263954AL",25,"Version 2","yogurt",50,"eat","eat"
"M20263954AL",25,"Version 2","yogurt",50,"throw","throw"
"M20263954AL",25,"Version 2","yogurt",50,"sit in","sit in"
"M20263954AL",25,"Version 2","yogurt",50,"kick","kick"
"M20263954AL",26,"Version 2","choreographer",45,"dance","dance"
"M20263954AL",26,"Version 2","choreographer",45,"plan","plan"
"M20263954AL",26,"Version 2","choreographer",45,"organize ","organize "
"M20263954AL",27,"Version 2","coverall",51,"wear","wear"
"M20263954AL",27,"Version 2","coverall",51,"protect oneself","protect oneself"
"M20263954AL",27,"Version 2","coverall",51,"throw","throw"
"M20263954AL",27,"Version 2","coverall",51,"sit on","sit on"
"M20263954AL",28,"Version 2","lettuce",34,"eat","eat"
"M20263954AL",28,"Version 2","lettuce",34,"disregard (throw away)","disregard (throw away)"
"M20263954AL",29,"Version 2","undergarment",59,"wear","wear"
"M20263954AL",29,"Version 2","undergarment",59,"burn it","burn it"
"M20263954AL",29,"Version 2","undergarment",59,"throw","throw"
"M20263954AL",30,"Version 2","toy",44,"play with","play with"
"M20263954AL",30,"Version 2","toy",44,"kick","kick"
"M20263954AL",30,"Version 2","toy",44,"step on","step on"
"M20263954AL",31,"Version 2","satchel",37,"wear","wear"
"M20263954AL",31,"Version 2","satchel",37,"throw","throw"
"M20263954AL",31,"Version 2","satchel",37,"carry","carry"
"M20263954AL",31,"Version 2","satchel",37,"kick","kick"
"M20263954AL",32,"Version 2","mice",48,"step on","step on"
"M20263954AL",32,"Version 2","mice",48,"kill","kill"
"M20263954AL",32,"Version 2","mice",48,"kick","kick"
"M20263954AL",33,"Version 2","antibiotics",56,"consume","consume"
"M20263954AL",34,"Version 2","prankster",52,"surprise someone","surprise someone"
"M20263954AL",34,"Version 2","prankster",52,"improve someones mood","improve someones mood"
"M20263954AL",34,"Version 2","prankster",52,"make someone angry","make someone angry"
"M20263954AL",35,"Version 2","goalpost",38,"keep ball out","keep ball out"
"M20263954AL",36,"Version 2","assemblyman",60,"legislative organization","legislative organization"
"M20263954AL",37,"Version 2","dolphin",49,"swim","swim"
"M20263954AL",37,"Version 2","dolphin",49,"flip","flip"
"M20263954AL",37,"Version 2","dolphin",49,"talk ","talk "
"M20263954AL",38,"Version 2","yourself",35,"nothing","nothing"
"M20263954AL",38,"Version 2","yourself",35,"talk","talk"
"M20263954AL",38,"Version 2","yourself",35,"laugh","laugh"
"M20263954AL",39,"Version 2","skittles",39,"eat","eat"
"M20263954AL",39,"Version 2","skittles",39,"share","share"
"M20263954AL",39,"Version 2","skittles",39,"buy","buy"
"M20263954AL",40,"Version 2","teabag",43,"consume","consume"
"M20263954AL",40,"Version 2","teabag",43,"heat up","heat up"
"M20263954AL",40,"Version 2","teabag",43,"cup","cup"
"M20263954AL",40,"Version 2","teabag",43,"smells good or bad","smells good or bad"
"M20294769",11,"Version 98","magnet",2941,"pull things","pull things"
"M20294769",11,"Version 98","magnet",2941,"attaching stuff","attaching stuff"
"M20294769",12,"Version 98","lens",2918,"seeing","seeing"
"M20294769",12,"Version 98","lens",2918,"glasses","glasses"
"M20294769",12,"Version 98","lens",2918,"tools","tools"
"M20294769",13,"Version 98","hiker",2928,"outside","outside"
"M20294769",13,"Version 98","hiker",2928,"nature","nature"
"M20294769",13,"Version 98","hiker",2928,"weather ","weather "
"M20294769",15,"Version 98","quarterback",2939,"football","football"
"M20294769",15,"Version 98","quarterback",2939,"athlete","athlete"
"M20294769",15,"Version 98","quarterback",2939,"big","big"
"M20294769",15,"Version 98","quarterback",2939,"fast","fast"
"M20294769",16,"Version 98","fender",2927,"car","car"
"M20294769",17,"Version 98","buttercup",2934,"saying","saying"
"M20294769",17,"Version 98","buttercup",2934,"candy ","candy "
"M20294769",18,"Version 98","pinball",2926,"game","game"
"M20294769",18,"Version 98","pinball",2926,"old games ","old games "
"M20294769",19,"Version 98","document",2916,"assignment","assignment"
"M20294769",19,"Version 98","document",2916,"government ","government "
"M20294769",20,"Version 98","tutu",2933,"wear it","wear it"
"M20294769",20,"Version 98","tutu",2933,"pink","pink"
"M20294769",20,"Version 98","tutu",2933,"sport ","sport "
"M20294769",21,"Version 98","sand",2938,"beach","beach"
"M20294769",21,"Version 98","sand",2938,"lake","lake"
"M20294769",21,"Version 98","sand",2938,"hot","hot"
"M20294769",21,"Version 98","sand",2938,"summer","summer"
"M20294769",22,"Version 98","companion",2937,"partner","partner"
"M20294769",23,"Version 98","aluminum",2931,"used to cover stuff","used to cover stuff"
"M20294769",24,"Version 98","townspeople",2929,"people","people"
"M20294769",24,"Version 98","townspeople",2929,"city ","city "
"M20294769",25,"Version 98","harness",2914,"animals","animals"
"M20294769",25,"Version 98","harness",2914,"restriction ","restriction "
"M20294769",26,"Version 98","hostel",2925,"captured","captured"
"M20294769",27,"Version 98","busman",2932,"driver","driver"
"M20294769",27,"Version 98","busman",2932,"school bus","school bus"
"M20294769",28,"Version 98","cowhide",2923,"off a animal","off a animal"
"M20294769",28,"Version 98","cowhide",2923,"cow rug ","cow rug "
"M20294769",29,"Version 98","meteorologist",2936,"weather man","weather man"
"M20294769",29,"Version 98","meteorologist",2936,"read weather ","read weather "
"M20294769",31,"Version 98","astronaut",2920,"outter space","outer space"
"M20294769",31,"Version 98","astronaut",2920,"rocket ship","rocket ship"
"M20294769",33,"Version 98","nipple",2935,"part of persons body ","part of persons body "
"M20294769",33,"Version 98","nipple",2935,"animals body ","animals body "
"M20294769",34,"Version 98","schoolwork",2919,"homework","homework"
"M20294769",34,"Version 98","schoolwork",2919,"work in class ","work in class "
"M20294769",35,"Version 98","clothes",2940,"what we wear ","what we wear "
"M20294769",36,"Version 98","kale",2913,"food","food"
"M20294769",36,"Version 98","kale",2913,"healthy","healthy"
"M20294769",36,"Version 98","kale",2913,"green ","green "
"M20294769",37,"Version 98","knot",2917,"shoe knot","shoe knot"
"M20294769",37,"Version 98","knot",2917,"tie knots ","tie knots "
"M20294769",38,"Version 98","gun",2924,"shooting","shooting"
"M20294769",38,"Version 98","gun",2924,"gun show","gun show"
"M20294769",38,"Version 98","gun",2924,"police ","police "
"M20294769",39,"Version 98","wrestler",2921,"sport","sport"
"M20294769",39,"Version 98","wrestler",2921,"athlete","athlete"
"M20294769",39,"Version 98","wrestler",2921,"big ","big "
"M20295725",11,"Version 9","clay",264,"play","play"
"M20295725",11,"Version 9","clay",264,"mold","mold"
"M20295725",11,"Version 9","clay",264,"make","make"
"M20295725",12,"Version 9","asparagus",252,"eat","eat"
"M20295725",12,"Version 9","asparagus",252,"serve","serve"
"M20295725",12,"Version 9","asparagus",252,"love","love"
"M20295725",13,"Version 9","purse",266,"use","use"
"M20295725",13,"Version 9","purse",266,"carry","carry"
"M20295725",13,"Version 9","purse",266,"hold","hold"
"M20295725",14,"Version 9","block",245,"play","play"
"M20295725",14,"Version 9","block",245,"kid","kid"
"M20295725",15,"Version 9","coleslaw",255,"eat","eat"
"M20295725",15,"Version 9","coleslaw",255,"serve","serve"
"M20295725",16,"Version 9","shell",262,"gas","gas"
"M20295725",16,"Version 9","shell",262,"eat","eat"
"M20295725",16,"Version 9","shell",262,"send","send"
"M20295725",18,"Version 9","saleslady",265,"listen","listen"
"M20295725",19,"Version 9","tyke",246,"send","send"
"M20295725",20,"Version 9","elbow",259,"use","use"
"M20295725",21,"Version 9","bench",243,"sit","sit"
"M20295725",22,"Version 9","orchard",271,"eat","eat"
"M20295725",23,"Version 9","wrapper",267,"use","use"
"M20295725",24,"Version 9","duck",247,"walk","walk"
"M20295725",25,"Version 9","vessel",249,"work","work"
"M20295725",26,"Version 9","tube",248,"use","use"
"M20295725",27,"Version 9","strainer",254,"use","use"
"M20295725",28,"Version 9","mayor",242,"leader","leader"
"M20295725",29,"Version 9","token",256,"game","game"
"M20295725",30,"Version 9","chemicals",260,"science","science"
"M20295725",31,"Version 9","wound",257,"hurt","hurt"
"M20295725",33,"Version 9","platter",269,"serve","serve"
"M20295725",34,"Version 9","belly",251,"button","button"
"M20295725",35,"Version 9","suit",250,"tie","tie"
"M20295725",35,"Version 9","suit",250,"wear","wear"
"M20295725",36,"Version 9","cane",258,"candy","candy"
"M20295725",37,"Version 9","rancher",244,"barn","barn"
"M20295725",38,"Version 9","goblet",263,"scared","scared"
"M20295725",39,"Version 9","landscape",253,"worker","worker"
"M20295725",40,"Version 9","hardware",268,"lowes","lowed"
"M20301552_caf",11,"Version 99","plant",2964,"plant","plant"
"M20301552_caf",11,"Version 99","plant",2964,"harvest","harvest"
"M20301552_caf",11,"Version 99","plant",2964,"trim","trim"
"M20301552_caf",11,"Version 99","plant",2964,"cut","cut"
"M20301552_caf",11,"Version 99","plant",2964,"view","view"
"M20301552_caf",12,"Version 99","building",2969,"offices","offices"
"M20301552_caf",12,"Version 99","building",2969,"entertainment","entertainment"
"M20301552_caf",12,"Version 99","building",2969,"organizations","organizations"
"M20301552_caf",12,"Version 99","building",2969,"communities","communities"
"M20301552_caf",12,"Version 99","building",2969,"gatherings","gatherings"
"M20301552_caf",13,"Version 99","forefinger",2966,"touch","touch"
"M20301552_caf",13,"Version 99","forefinger",2966,"flick","flick"
"M20301552_caf",13,"Version 99","forefinger",2966,"point","point"
"M20301552_caf",13,"Version 99","forefinger",2966,"scrape","scrape"
"M20301552_caf",13,"Version 99","forefinger",2966,"scratch","scratch"
"M20301552_caf",13,"Version 99","forefinger",2966,"hold an item","hold an item"
"M20301552_caf",14,"Version 99","river",2948,"flow","flow"
"M20301552_caf",14,"Version 99","river",2948,"use for power","use for power"
"M20301552_caf",14,"Version 99","river",2948,"water to drink","water to drink"
"M20301552_caf",14,"Version 99","river",2948,"water to wash","water to wash"
"M20301552_caf",14,"Version 99","river",2948,"water to fish","water to fish"
"M20301552_caf",15,"Version 99","flour",2947,"use for cooking","use for cooking"
"M20301552_caf",16,"Version 99","employer",2945,"work","work"
"M20301552_caf",16,"Version 99","employer",2945,"boss others","boss others"
"M20301552_caf",16,"Version 99","employer",2945,"pay employees","pay employees"
"M20301552_caf",16,"Version 99","employer",2945,"run business","run business"
"M20301552_caf",17,"Version 99","mitt",2960,"catch","catch"
"M20301552_caf",17,"Version 99","mitt",2960,"remove things from oven","remove things from oven"
"M20301552_caf",18,"Version 99","calender",2946,"mark dates","mark dates"
"M20301552_caf",18,"Version 99","calender",2946,"know the date","know the date"
"M20301552_caf",18,"Version 99","calender",2946,"schedule events","schedule events"
"M20301552_caf",19,"Version 99","toast",2954,"eat","eat"
"M20301552_caf",19,"Version 99","toast",2954,"propose at a gathering","propose at a gathering"
"M20301552_caf",20,"Version 99","builder",2955,"construct something","construct something"
"M20301552_caf",21,"Version 99","concert",2950,"play music","play music"
"M20301552_caf",21,"Version 99","concert",2950,"listen to music","listen to music"
"M20301552_caf",21,"Version 99","concert",2950,"hangout with friends/family","hangout with friends/family"
"M20301552_caf",21,"Version 99","concert",2950,"drink","drink"
"M20301552_caf",22,"Version 99","horseradish",2943,"eat","eat"
"M20301552_caf",22,"Version 99","horseradish",2943,"cook","cook"
"M20301552_caf",23,"Version 99","rat",2951,"study/use for studies","study/use for studies"
"M20301552_caf",24,"Version 99","vaseline",2965,"chapped lips","chapped lips"
"M20301552_caf",24,"Version 99","vaseline",2965,"grease/lubricate things","grease/lubricate things"
"M20301552_caf",25,"Version 99","doughnut",2967,"eat","eat"
"M20301552_caf",25,"Version 99","doughnut",2967,"give to someone else","give to someone else"
"M20301552_caf",26,"Version 99","horseman",2957,"ride the horse","ride the horse"
"M20301552_caf",26,"Version 99","horseman",2957,"train the horse","train the horse"
"M20301552_caf",26,"Version 99","horseman",2957,"feed/water the horse","feed/water the horse"
"M20301552_caf",27,"Version 99","recorder",2963,"tape an event/conversation ","tape an event/conversation "
"M20301552_caf",28,"Version 99","stall",2956,"store something","store something"
"M20301552_caf",28,"Version 99","stall",2956,"restroom stall","restroom stall"
"M20301552_caf",29,"Version 99","springboard",2944,"bounce","bounce"
"M20301552_caf",29,"Version 99","springboard",2944,"reduce impact","reduce impact"
"M20301552_caf",30,"Version 99","garbage",2953,"be thrown away","be thrown away"
"M20301552_caf",30,"Version 99","garbage",2953,"recycled","recycled"
"M20301552_caf",30,"Version 99","garbage",2953,"compacted","compacted"
"M20301552_caf",31,"Version 99","thyme",2942,"spice","spice"
"M20301552_caf",31,"Version 99","thyme",2942,"used for seasoning foods","used for seasoning foods"
"M20301552_caf",32,"Version 99","aunt",2961,"babysit","babysit"
"M20301552_caf",32,"Version 99","aunt",2961,"meet at gatherings","meet at gatherings"
"M20301552_caf",32,"Version 99","aunt",2961,"hangout with","hangout with"
"M20301552_caf",34,"Version 99","contraceptive",2959,"medications used for various reasons","medications used for various reasons"
"M20301552_caf",35,"Version 99","bomb",2971,"explode","explode"
"M20301552_caf",35,"Version 99","bomb",2971,"kill","kill"
"M20301552_caf",35,"Version 99","bomb",2971,"destroy","destroy"
"M20301552_caf",36,"Version 99","stepfather",2949,"parent","parent"
"M20301552_caf",36,"Version 99","stepfather",2949,"protect child","protect child"
"M20301552_caf",36,"Version 99","stepfather",2949,"care for child","care for child"
"M20301552_caf",37,"Version 99","cattle",2970,"food","food"
"M20301552_caf",37,"Version 99","cattle",2970,"graze land","graze land"
"M20301552_caf",37,"Version 99","cattle",2970,"leather goods","leather goods"
"M20301552_caf",37,"Version 99","cattle",2970,"dairy goods","dairy goods"
"M20301552_caf",38,"Version 99","casebook",2958,"textbook material","textbook material"
"M20301552_caf",39,"Version 99","actor",2962,"create movies/shows","create movies/shows"
"M20301552_caf",39,"Version 99","actor",2962,"entertain","entertain"
"M20301552_caf",40,"Version 99","tar",2952,"roads","roads"
"M20301552_caf",40,"Version 99","tar",2952,"fill cracks/holes","fill cracks/holes"
"M20301552_caf",40,"Version 99","tar",2952,"stick roofing","stick roofing"
"M20302929_gjb",11,"Version 91","car",2728,"drive","drive"
"M20302929_gjb",11,"Version 91","car",2728,"ride in","ride in"
"M20302929_gjb",11,"Version 91","car",2728,"storage","storage"
"M20302929_gjb",11,"Version 91","car",2728,"weapon","weapon"
"M20302929_gjb",12,"Version 91","trainer",2729,"motivate","motivate"
"M20302929_gjb",12,"Version 91","trainer",2729,"confide in","confide in"
"M20302929_gjb",12,"Version 91","trainer",2729,"friend","friend"
"M20302929_gjb",13,"Version 91","flyswatter",2727,"kill flies/insects","kill flies/insects"
"M20302929_gjb",14,"Version 91","penthouse",2716,"live in","live in"
"M20302929_gjb",14,"Version 91","penthouse",2716,"party/date/event location","party/date/event location"
"M20302929_gjb",15,"Version 91","crocodile",2725,"zoo exhibit","zoo exhibit"
"M20302929_gjb",15,"Version 91","crocodile",2725,"clothing material","clothing material"
"M20302929_gjb",15,"Version 91","crocodile",2725,"evil base guard","evil base guard"
"M20302929_gjb",16,"Version 91","physiologist",2710,"therapist","therapist"
"M20302929_gjb",16,"Version 91","physiologist",2710,"criminal case investigator","criminal case investigator"
"M20302929_gjb",17,"Version 91","moustache",2720,"disguise","disguise"
"M20302929_gjb",17,"Version 91","moustache",2720,"fashion statement","fashion statement"
"M20302929_gjb",18,"Version 91","wigwam",2711,"house","house"
"M20302929_gjb",18,"Version 91","wigwam",2711,"storage location","storage location"
"M20302929_gjb",19,"Version 91","chopstick",2708,"eat food","eat food"
"M20302929_gjb",19,"Version 91","chopstick",2708,"cooking utensil","cooking utensil"
"M20302929_gjb",19,"Version 91","chopstick",2708,"hair ornament","hair ornament"
"M20302929_gjb",19,"Version 91","chopstick",2708,"science-fair project material","science-fair project material"
"M20302929_gjb",20,"Version 91","kleenex",2724,"to clean eyes","to clean eyes"
"M20302929_gjb",20,"Version 91","kleenex",2724,"nose","nose"
"M20302929_gjb",20,"Version 91","kleenex",2724,"bodily fluids","bodily fluids"
"M20302929_gjb",20,"Version 91","kleenex",2724,"small spills","small spills"
"M20302929_gjb",20,"Version 91","kleenex",2724,"improvised bandage","improvised bandage"
"M20302929_gjb",21,"Version 91","pedicurist",2717,"perform pedicures","perform pedicures"
"M20302929_gjb",22,"Version 91","sister",2731,"friend","friend"
"M20302929_gjb",22,"Version 91","sister",2731,"solve family matters","solve family matters"
"M20302929_gjb",23,"Version 91","acrobat",2706,"performer","performer"
"M20302929_gjb",23,"Version 91","acrobat",2706,"aid in revenue generation","aid in revenue generation"
"M20302929_gjb",23,"Version 91","acrobat",2706,"entertainer","entertainer"
"M20302929_gjb",24,"Version 91","nugget",2702,"money if precious metal","money if precious metal"
"M20302929_gjb",24,"Version 91","nugget",2702,"food if chicken based","food if chicken based"
"M20302929_gjb",25,"Version 91","horse",2707,"travel method","travel method"
"M20302929_gjb",25,"Version 91","horse",2707,"revenue generation","revenue generation"
"M20302929_gjb",25,"Version 91","horse",2707,"food if necessary","food if necessary"
"M20302929_gjb",26,"Version 91","practitioner",2719,"a person who can do a specific thing","a person who can do a specific thing"
"M20302929_gjb",27,"Version 91","present",2722,"give to someone or yourself","give to someone or yourself"
"M20302929_gjb",27,"Version 91","present",2722,"hide a practical joke","hide a practical joke"
"M20302929_gjb",28,"Version 91","hairstylist",2712,"style someone's hair","style someone's hair"
"M20302929_gjb",28,"Version 91","hairstylist",2712,"small talk","small talk"
"M20302929_gjb",29,"Version 91","shirtsleeve",2703,"improvised tissue/bandage","improvised tissue/bandage"
"M20302929_gjb",29,"Version 91","shirtsleeve",2703,"fashion statement","fashion statement"
"M20302929_gjb",30,"Version 91","record",2726,"store data","store data"
"M20302929_gjb",30,"Version 91","record",2726,"movie/set prop","movie/set prop"
"M20302929_gjb",31,"Version 91","pelvis",2704,"attach legs to back","attach legs to back"
"M20302929_gjb",31,"Version 91","pelvis",2704,"part of birthing process in mammals. ","part of birthing process in mammals. "
"M20302929_gjb",32,"Version 91","stepsister",2714,"friend","friend"
"M20302929_gjb",32,"Version 91","stepsister",2714,"solve family matters","solve family matters"
"M20302929_gjb",33,"Version 91","hailstone",2723,"storm data collection","storm data collection"
"M20302929_gjb",33,"Version 91","hailstone",2723,"ice for drink/cooler","ice for drink/cooler"
"M20302929_gjb",34,"Version 91","ant",2715,"prank someone","prank someone"
"M20302929_gjb",34,"Version 91","ant",2715,"study for pack animal behavior","study for pack animal behavior"
"M20302929_gjb",34,"Version 91","ant",2715,"squish","squish"
"M20302929_gjb",35,"Version 91","clothesline",2705,"dry clothes","dry clothes"
"M20302929_gjb",35,"Version 91","clothesline",2705,"hang items","hang items"
"M20302929_gjb",35,"Version 91","clothesline",2705,"improvised rope","improvised rope"
"M20302929_gjb",36,"Version 91","goulash",2713,"eat","eat"
"M20302929_gjb",37,"Version 91","housewife",2730,"lover","lover"
"M20302929_gjb",37,"Version 91","housewife",2730,"friend","friend"
"M20302929_gjb",37,"Version 91","housewife",2730,"mother","mother"
"M20302929_gjb",37,"Version 91","housewife",2730,"house chores","house chores"
"M20302929_gjb",38,"Version 91","gin",2718,"drink","drink"
"M20302929_gjb",38,"Version 91","gin",2718,"disinfect wounds","disinfect wounds"
"M20302929_gjb",38,"Version 91","gin",2718,"burn/fuel","burn/fuel"
"M20302929_gjb",39,"Version 91","blackhead",2721,"pop","pop"
"M20302929_gjb",39,"Version 91","blackhead",2721,"extract","extract"
"M20302929_gjb",40,"Version 91","midget",2709,"circus act","circus act"
"M20302929_gjb",40,"Version 91","midget",2709,"actor","actor"
"M20302929_gjb",40,"Version 91","midget",2709,"friend","friend"
"M20302929_gjb",40,"Version 91","midget",2709,"lover","lover"
"M20304329_alm",11,"Version 1","handrail",20,"grab it","grab it"
"M20304329_alm",11,"Version 1","handrail",20,"slide down it","slide down it"
"M20304329_alm",11,"Version 1","handrail",20,"hold it going up stairs","hold it going up stairs"
"M20304329_alm",12,"Version 1","grease",16,"cook","cook"
"M20304329_alm",13,"Version 1","Massage",23,"feet","feet"
"M20304329_alm",13,"Version 1","Massage",23,"back","back"
"M20304329_alm",13,"Version 1","Massage",23,"neck","neck"
"M20304329_alm",13,"Version 1","Massage",23,"shoulders","shoulders"
"M20304329_alm",14,"Version 1","map",18,"directions","directions"
"M20304329_alm",15,"Version 1","wishbone",21,"to make a wish","to make a wish"
"M20304329_alm",15,"Version 1","wishbone",21,"stocks to cook with ","stocks to cook with "
"M20304329_alm",16,"Version 1","solicitor",10,"stand","stand"
"M20304329_alm",16,"Version 1","solicitor",10,"sit","sit"
"M20304329_alm",16,"Version 1","solicitor",10,"speak ","speak "
"M20304329_alm",17,"Version 1","bloomers",22,"wear them under cheer skirt ","wear them under cheer skirt "
"M20304329_alm",18,"Version 1","mint",4,"eat","eat"
"M20304329_alm",18,"Version 1","mint",4,"cook","cook"
"M20304329_alm",18,"Version 1","mint",4,"smells good","smells good"
"M20304329_alm",18,"Version 1","mint",4,"toothpaste ","toothpaste "
"M20304329_alm",19,"Version 1","briefcase",11,"carry","carry"
"M20304329_alm",19,"Version 1","briefcase",11,"store","store"
"M20304329_alm",19,"Version 1","briefcase",11,"business man ","business man "
"M20304329_alm",20,"Version 1","hosiery",17,"wear it ","wear it "
"M20304329_alm",21,"Version 1","orangutan",19,"hunt","hunt"
"M20304329_alm",21,"Version 1","orangutan",19,"eat","eat"
"M20304329_alm",21,"Version 1","orangutan",19,"wear ","wear "
"M20304329_alm",22,"Version 1","petticoat",9,"wear it","wear it"
"M20304329_alm",22,"Version 1","petticoat",9,"wash it ","wash it "
"M20304329_alm",23,"Version 1","cayenne",25,"cook with it","cook with it"
"M20304329_alm",23,"Version 1","cayenne",25,"liver cleanse ","liver cleanse "
"M20304329_alm",24,"Version 1","lanyard",5,"wear it around neck","wear it around neck"
"M20304329_alm",24,"Version 1","lanyard",5,"key chain ","key chain "
"M20304329_alm",25,"Version 1","ladle",24,"scoop ","scoop "
"M20304329_alm",26,"Version 1","joint",7,"bend it","bend it"
"M20304329_alm",26,"Version 1","joint",7,"pops sometimes ","pops sometimes "
"M20304329_alm",27,"Version 1","spyglass",31,"wear them","wear them"
"M20304329_alm",27,"Version 1","spyglass",31,"stalk people ","stalk people "
"M20304329_alm",28,"Version 1","sandbox",13,"play","play"
"M20304329_alm",28,"Version 1","sandbox",13,"sand castle ","sand castle "
"M20304329_alm",29,"Version 1","parsley",28,"cook","cook"
"M20304329_alm",30,"Version 1","florist",14,"sell flowers","sell flowers"
"M20304329_alm",30,"Version 1","florist",14,"deliver flowers ","deliver flowers "
"M20304329_alm",31,"Version 1","decor",2,"hang pictures","hang pictures"
"M20304329_alm",31,"Version 1","decor",2,"gives things color and fun ","gives things color and fun "
"M20304329_alm",32,"Version 1","boa",26,"wear it around neck","wear it around neck"
"M20304329_alm",32,"Version 1","boa",26,"dance ","dance "
"M20304329_alm",33,"Version 1","seat",3,"sit","sit"
"M20304329_alm",33,"Version 1","seat",3,"lay down","lay down"
"M20304329_alm",33,"Version 1","seat",3,"listen in my school seat","listen in my school seat"
"M20304329_alm",34,"Version 1","bread",8,"toast","toast"
"M20304329_alm",34,"Version 1","bread",8,"eat","eat"
"M20304329_alm",35,"Version 1","pin",30,"wear on jacket","wear on jacket"
"M20304329_alm",36,"Version 1","merchandise",6,"sell","sell"
"M20304329_alm",36,"Version 1","merchandise",6,"collect ","collect "
"M20304329_alm",37,"Version 1","stationary",27,"still","still"
"M20304329_alm",37,"Version 1","stationary",27,"big machines ","big machines "
"M20304329_alm",38,"Version 1","tablespoon",29,"cook","cook"
"M20304329_alm",38,"Version 1","tablespoon",29,"measure","measure"
"M20304329_alm",38,"Version 1","tablespoon",29,"eat ","eat "
"M20304329_alm",39,"Version 1","tit",12,"bird in new zealand ","bird in new zealand "
"M20304329_alm",40,"Version 1","tomahawk",15,"ax","ax"
"M20304329_alm",40,"Version 1","tomahawk",15,"throwing ","throwing "
"M20304862_krn",11,"Version 6","chinaware",159,"plate","plate"
"M20304862_krn",12,"Version 6","screw",153,"nail","nail"
"M20304862_krn",13,"Version 6","footballer",166,"hot","hot"
"M20304862_krn",15,"Version 6","bathe",157,"slide","slide"
"M20304862_krn",16,"Version 6","canvass",178,"paint","paint"
"M20304862_krn",17,"Version 6","physician",162,"doctor","doctor"
"M20304862_krn",18,"Version 6","balcony",177,"sitting","sitting"
"M20304862_krn",19,"Version 6","tinfoil",156,"aluminum","aluminum"
"M20304862_krn",20,"Version 6","scale",176,"pounds and weight","pounds and weight"
"M20304862_krn",21,"Version 6","harvest",169,"crops","crops"
"M20304862_krn",22,"Version 6","tabasco",174,"hot","hot"
"M20304862_krn",22,"Version 6","tabasco",174,"spicy","spicy"
"M20304862_krn",23,"Version 6","tofu",181,"vegan","vegan"
"M20304862_krn",24,"Version 6","parsnip",160,"oregano","oregano"
"M20304862_krn",25,"Version 6","berry",180,"raspberry","raspberry"
"M20304862_krn",26,"Version 6","van",164,"car","car"
"M20304862_krn",28,"Version 6","ginger",179,"red","red"
"M20304862_krn",29,"Version 6","family",154,"friends","friends"
"M20304862_krn",30,"Version 6","bicep",152,"tricep","tricep"
"M20304862_krn",31,"Version 6","crystal",171,"diamond","diamond"
"M20304862_krn",32,"Version 6","snowfall",167,"cold ","cold "
"M20304862_krn",34,"Version 6","desert",161,"sweet","sweet"
"M20304862_krn",35,"Version 6","myself",163,"love","love"
"M20304862_krn",36,"Version 6","ticket",165,"speed","speed"
"M20304862_krn",37,"Version 6","blindfold",168,"can't see","can't see"
"M20304862_krn",38,"Version 6","whisky",175,"coke","coke"
"M20304862_krn",39,"Version 6","wand",170,"throw","throw"
"M20304862_krn",40,"Version 6","bird",172,"fly","fly"
"M20305947AB",11,"Version 11","teaspoonful",323,"measuring powders","measuring powders"
"M20305947AB",11,"Version 11","teaspoonful",323,"eat a teaspoonful","eat a teaspoonful"
"M20305947AB",12,"Version 11","crust",304,"eat it","eat it"
"M20305947AB",12,"Version 11","crust",304,"use it for bird feed","use it for bird feed"
"M20305947AB",12,"Version 11","crust",304,"cut off of a sandwich","cut off of a sandwich"
"M20305947AB",12,"Version 11","crust",304,"thrown out","thrown out"
"M20305947AB",12,"Version 11","crust",304,"made for a pie","made for a pie"
"M20305947AB",13,"Version 11","raincoat",326,"worn to stay dry","worn to stay dry"
"M20305947AB",13,"Version 11","raincoat",326,"hung on a coat rack","hung on a coat rack"
"M20305947AB",13,"Version 11","raincoat",326,"worn as a fashion piece","worn as a fashion piece"
"M20305947AB",14,"Version 11","bondsman",308,"someone who provides bail bonds","someone who provides bail bonds"
"M20305947AB",15,"Version 11","acupuncture",302,"alternative and painful form of medicine","alternative and painful form of medicine"
"M20305947AB",15,"Version 11","acupuncture",302,"pseudoscience","pseudoscience"
"M20305947AB",16,"Version 11","mongoose",330,"a bird!","a bird!"
"M20305947AB",17,"Version 11","rectum",309,"used to excrete waste","used to excrete waste"
"M20305947AB",17,"Version 11","rectum",309,"fart","fart"
"M20305947AB",18,"Version 11","kettledrum",305,"instrument","instrument"
"M20305947AB",19,"Version 11","grandchild",316,"your child's offspring","your child's offspring"
"M20305947AB",19,"Version 11","grandchild",316,"someone you can spoil","someone you can spoil"
"M20305947AB",20,"Version 11","pan",327,"cook food","cook food"
"M20305947AB",20,"Version 11","pan",327,"wash","wash"
"M20305947AB",20,"Version 11","pan",327,"use as an instrument","use as an instrument"
"M20305947AB",21,"Version 11","furnace",331,"minecraft furnace","an furnace"
"M20305947AB",21,"Version 11","furnace",331,"smelt objects","smelt objects"
"M20305947AB",21,"Version 11","furnace",331,"can be used for food","can be used for food"
"M20305947AB",22,"Version 11","corn",317,"eaten","eaten"
"M20305947AB",22,"Version 11","corn",317,"popped and turned into popcorn","popped and turned into popcorn"
"M20305947AB",22,"Version 11","corn",317,"grown","grown"
"M20305947AB",22,"Version 11","corn",317,"something that is harvested","something that is harvested"
"M20305947AB",22,"Version 11","corn",317,"something that can be sold","something that can be sold"
"M20305947AB",23,"Version 11","device",303,"something you interact with","something you interact with"
"M20305947AB",23,"Version 11","device",303,"a phone","a phone"
"M20305947AB",23,"Version 11","device",303,"technology","technology"
"M20305947AB",24,"Version 11","casserole",306,"eat","eat"
"M20305947AB",24,"Version 11","casserole",306,"smell","smell"
"M20305947AB",24,"Version 11","casserole",306,"taste","taste"
"M20305947AB",24,"Version 11","casserole",306,"touch","touch"
"M20305947AB",24,"Version 11","casserole",306,"cook","cook"
"M20305947AB",24,"Version 11","casserole",306,"enjoyable","enjoyable"
"M20305947AB",24,"Version 11","casserole",306,"or dislikeable","or dislike"
"M20305947AB",25,"Version 11","nut",307,"garnish","garnish"
"M20305947AB",25,"Version 11","nut",307,"squirrel food","squirrel food"
"M20305947AB",25,"Version 11","nut",307,"snack","snack"
"M20305947AB",26,"Version 11","village",322,"minecraft village","an village"
"M20305947AB",26,"Version 11","village",322,"a small town with close knit families","a small town with close knit families"
"M20305947AB",27,"Version 11","billiards",328,"a game that makes you look cool","a game that makes you look cool"
"M20305947AB",28,"Version 11","flatiron",311,"used to get wrinkles out of clothes","used to get wrinkles out of clothes"
"M20305947AB",28,"Version 11","flatiron",311,"perm press clothes","perm press clothes"
"M20305947AB",29,"Version 11","molasses",321,"used in baking","used in baking"
"M20305947AB",29,"Version 11","molasses",321,"""slow as molasses""","""slow as molasses"""
"M20305947AB",29,"Version 11","molasses",321,"can be eaten","can be eaten"
"M20305947AB",30,"Version 11","mullets",319,"ugly hair style","ugly hair style"
"M20305947AB",30,"Version 11","mullets",319,"touchable","touchable"
"M20305947AB",30,"Version 11","mullets",319,"can be seen","can be seen"
"M20305947AB",30,"Version 11","mullets",319,"makes me grossed out","makes me grossed out"
"M20305947AB",31,"Version 11","apartments",310,"a place to live","a place to live"
"M20305947AB",31,"Version 11","apartments",310,"seen as a poor persons home","seen as a poor persons home"
"M20305947AB",31,"Version 11","apartments",310,"a place to have parties","a place to have parties"
"M20305947AB",32,"Version 11","flowerpot",315,"plant flowers or greenery in","plant flowers or greenery in"
"M20305947AB",32,"Version 11","flowerpot",315,"used as decoration","used as decoration"
"M20305947AB",33,"Version 11","belt",318,"worn","worn"
"M20305947AB",33,"Version 11","belt",318,"used to hit someone","used to hit someone"
"M20305947AB",34,"Version 11","stepdaughter",314,"a person the relationship can be awkward with","a person the relationship can be awkward with"
"M20305947AB",35,"Version 11","hibachi",313,"delicious food","delicious food"
"M20305947AB",35,"Version 11","hibachi",313,"eaten","eaten"
"M20305947AB",35,"Version 11","hibachi",313,"seen","seen"
"M20305947AB",35,"Version 11","hibachi",313,"tasted","tasted"
"M20305947AB",35,"Version 11","hibachi",313,"smelled","smelled"
"M20305947AB",35,"Version 11","hibachi",313,"delicious","delicious"
"M20305947AB",36,"Version 11","butt",312,"funny for jokes","funny for jokes"
"M20305947AB",36,"Version 11","butt",312,"farting again","farting again"
"M20305947AB",37,"Version 11","parakeet",329,"a loud bird","a loud bird"
"M20305947AB",37,"Version 11","parakeet",329,"smelly","smelly"
"M20305947AB",37,"Version 11","parakeet",329,"loud","loud"
"M20305947AB",38,"Version 11","trigger",320,"anything that causes a response","anything that causes a response"
"M20305947AB",38,"Version 11","trigger",320,"on a gun","on a gun"
"M20305947AB",38,"Version 11","trigger",320,"a persons negative reaction","a persons negative reaction"
"M20305947AB",39,"Version 11","dirt",325,"soil","soil"
"M20305947AB",39,"Version 11","dirt",325,"used for gardening and farming","used for gardening and farming"
"M20305947AB",39,"Version 11","dirt",325,"life","life"
"M20305947AB",40,"Version 11","taffy",324,"a candy","a candy"
"M20306094_JM",11,"Version 12","man",353,"date","date"
"M20306094_JM",11,"Version 12","man",353,"marry","marry"
"M20306094_JM",11,"Version 12","man",353,"help","help"
"M20306094_JM",11,"Version 12","man",353,"abuse","abuse"
"M20306094_JM",11,"Version 12","man",353,"kill","kill"
"M20306094_JM",11,"Version 12","man",353,"suppress","suppress"
"M20306094_JM",11,"Version 12","man",353,"elevate","elevate"
"M20306094_JM",11,"Version 12","man",353,"educate","educate"
"M20306094_JM",11,"Version 12","man",353,"nurture","nurture"
"M20306094_JM",12,"Version 12","bartender",354,"talk to","talk to"
"M20306094_JM",12,"Version 12","bartender",354,"ask for a drink","ask for a drink"
"M20306094_JM",12,"Version 12","bartender",354,"tip","tip"
"M20306094_JM",13,"Version 12","dairy",336,"read","read"
"M20306094_JM",13,"Version 12","dairy",336,"write","write"
"M20306094_JM",14,"Version 12","bass",338,"listen too","listen too"
"M20306094_JM",14,"Version 12","bass",338,"play","play"
"M20306094_JM",14,"Version 12","bass",338,"harness","harness"
"M20306094_JM",15,"Version 12","certificate",359,"earn","earn"
"M20306094_JM",15,"Version 12","certificate",359,"use","use"
"M20306094_JM",15,"Version 12","certificate",359,"display","display"
"M20306094_JM",16,"Version 12","beet",346,"eat","eat"
"M20306094_JM",16,"Version 12","beet",346,"throw","throw"
"M20306094_JM",16,"Version 12","beet",346,"plant","plant"
"M20306094_JM",16,"Version 12","beet",346,"grind","grind"
"M20306094_JM",16,"Version 12","beet",346,"liqudate","liquidate"
"M20306094_JM",17,"Version 12","ruby",333,"sell","sell"
"M20306094_JM",17,"Version 12","ruby",333,"mine","mine"
"M20306094_JM",17,"Version 12","ruby",333,"engrave","engrave"
"M20306094_JM",17,"Version 12","ruby",333,"break","break"
"M20306094_JM",17,"Version 12","ruby",333,"buy","buy"
"M20306094_JM",18,"Version 12","shot",357,"inject","inject"
"M20306094_JM",18,"Version 12","shot",357,"heal ","heal "
"M20306094_JM",18,"Version 12","shot",357,"kill","kill"
"M20306094_JM",18,"Version 12","shot",357,"pacify","pacify"
"M20306094_JM",19,"Version 12","toddler",350,"nurture","nurture"
"M20306094_JM",19,"Version 12","toddler",350,"care for","care for"
"M20306094_JM",19,"Version 12","toddler",350,"educate","educate"
"M20306094_JM",19,"Version 12","toddler",350,"keep safe","keep safe"
"M20306094_JM",20,"Version 12","necklace",339,"wear","wear"
"M20306094_JM",20,"Version 12","necklace",339,"break","break"
"M20306094_JM",20,"Version 12","necklace",339,"buy and sell","buy and sell"
"M20306094_JM",21,"Version 12","showerhead",361,"twist","twist"
"M20306094_JM",21,"Version 12","showerhead",361,"use to shower","use to shower"
"M20306094_JM",21,"Version 12","showerhead",361,"turn","turn"
"M20306094_JM",21,"Version 12","showerhead",361,"bend","bend"
"M20306094_JM",22,"Version 12","cobweb",360,"destroy","destroy"
"M20306094_JM",23,"Version 12","hip",342,"exercise","exercise"
"M20306094_JM",23,"Version 12","hip",342,"massage","massage"
"M20306094_JM",23,"Version 12","hip",342,"break or fix","break or fix"
"M20306094_JM",24,"Version 12","fungus",347,"grow","grow"
"M20306094_JM",24,"Version 12","fungus",347,"eat","eat"
"M20306094_JM",24,"Version 12","fungus",347,"study","study"
"M20306094_JM",25,"Version 12","pinkie",356,"use for everyday things","use for everyday things"
"M20306094_JM",27,"Version 12","bystander",332,"greet","greet"
"M20306094_JM",27,"Version 12","bystander",332,"ignore","ignore"
"M20306094_JM",28,"Version 12","sifter",351,"use to declump flour","use to declump flour"
"M20306094_JM",29,"Version 12","flower",344,"grow","grow"
"M20306094_JM",29,"Version 12","flower",344,"step on","step on"
"M20306094_JM",29,"Version 12","flower",344,"nurture","nurture"
"M20306094_JM",29,"Version 12","flower",344,"eat","eat"
"M20306094_JM",29,"Version 12","flower",344,"water","water"
"M20306094_JM",30,"Version 12","stockings",345,"wear","wear"
"M20306094_JM",30,"Version 12","stockings",345,"buy","buy"
"M20306094_JM",31,"Version 12","dumbbell",352,"lift","lift"
"M20306094_JM",32,"Version 12","condiment",348,"apply to foods","apply to foods"
"M20306094_JM",33,"Version 12","champagne",334,"drink","drink"
"M20306094_JM",33,"Version 12","champagne",334,"or spray","or spray"
"M20306094_JM",34,"Version 12","someone",358,"i dont know how to use someone","i an know how to use someone"
"M20306094_JM",35,"Version 12","String",335,"pull","pull"
"M20306094_JM",35,"Version 12","String",335,"cut","cut"
"M20306094_JM",35,"Version 12","String",335,"wrap","wrap"
"M20306094_JM",35,"Version 12","String",335,"twist","twist"
"M20306094_JM",36,"Version 12","mayonnaise",343,"eat","eat"
"M20306094_JM",36,"Version 12","mayonnaise",343,"make","make"
"M20306094_JM",36,"Version 12","mayonnaise",343,"apply to food","apply to food"
"M20306094_JM",37,"Version 12","mall",341,"shop","shop"
"M20306094_JM",38,"Version 12","closet",349,"store clothes","store clothes"
"M20306094_JM",38,"Version 12","closet",349,"hide in","hide in"
"M20306094_JM",39,"Version 12","hourglass",355,"track time","track time"
"M20306094_JM",40,"Version 12","dock",337,"to park boats","to park boats"
"M20308980",11,"Version 95","jurist",2838,"in a jury","in a jury"
"M20308980",12,"Version 95","petal",2842,"for painting","for painting"
"M20308980",12,"Version 95","petal",2842,"plucking","plucking"
"M20308980",12,"Version 95","petal",2842,"thrown at weddings","thrown at weddings"
"M20308980",12,"Version 95","petal",2842,"used for arts and crafts","used for arts and crafts"
"M20308980",13,"Version 95","cross",2826,"religious purposes","religious purposes"
"M20308980",13,"Version 95","cross",2826,"decoration","decoration"
"M20308980",14,"Version 95","handgun",2831,"killing","killing"
"M20308980",14,"Version 95","handgun",2831,"injuring someone","injuring someone"
"M20308980",15,"Version 95","politician",2832,"to help within the political world ","to help within the political world "
"M20308980",16,"Version 95","glider",2825,"transportation","transportation"
"M20308980",17,"Version 95","machine",2824,"can be used to clean","can be used to clean"
"M20308980",17,"Version 95","machine",2824,"used in workplaces","used in workplaces"
"M20308980",17,"Version 95","machine",2824,"used in classrooms","used in classrooms"
"M20308980",17,"Version 95","machine",2824,"used to work on cars ","used to work on cars "
"M20308980",18,"Version 95","javelin",2845,"used in track events ","used in track events "
"M20308980",19,"Version 95","gadget",2833,"used for assisting with certain jobs","used for assisting with certain jobs"
"M20308980",20,"Version 95","cardboard",2834,"arts and crafts","arts and crafts"
"M20308980",20,"Version 95","cardboard",2834,"pizza holder","pizza holder"
"M20308980",20,"Version 95","cardboard",2834,"used to delivery items","used to delivery items"
"M20308980",20,"Version 95","cardboard",2834,"used for food packaging ","used for food packaging "
"M20308980",21,"Version 95","duffel",2822,"used to carry clothes","used to carry clothes"
"M20308980",21,"Version 95","duffel",2822,"shoes","shoes"
"M20308980",21,"Version 95","duffel",2822,"hair products","hair products"
"M20308980",21,"Version 95","duffel",2822,"makeup products ","makeup products "
"M20308980",22,"Version 95","cone",2839,"traffic stops","traffic stops"
"M20308980",22,"Version 95","cone",2839,"games","games"
"M20308980",22,"Version 95","cone",2839,"construction sites","construction sites"
"M20308980",23,"Version 95","guidebook",2823,"traveling","traveling"
"M20308980",23,"Version 95","guidebook",2823,"driving","driving"
"M20308980",23,"Version 95","guidebook",2823,"exploring ","exploring "
"M20308980",24,"Version 95","bullfrog",2847,"experiments","experiments"
"M20308980",24,"Version 95","bullfrog",2847,"pets ","pets "
"M20308980",25,"Version 95","cashier",2846,"grocery stores","grocery stores"
"M20308980",25,"Version 95","cashier",2846,"department store","department store"
"M20308980",25,"Version 95","cashier",2846,"shoe store","shoe store"
"M20308980",25,"Version 95","cashier",2846,"makeup store","makeup store"
"M20308980",26,"Version 95","dinnerware",2851,"eating","eating"
"M20308980",26,"Version 95","dinnerware",2851,"injuring someone","injuring someone"
"M20308980",27,"Version 95","Taco",2827,"eat ","eat "
"M20308980",28,"Version 95","pajamas",2840,"wear to bed","wear to bed"
"M20308980",28,"Version 95","pajamas",2840,"coving up","an up"
"M20308980",28,"Version 95","pajamas",2840,"blanket ","blanket "
"M20308980",29,"Version 95","farm",2835,"animal habitat","animal habitat"
"M20308980",29,"Version 95","farm",2835,"growth of herbs","growth of herbs"
"M20308980",30,"Version 95","lemon",2829,"in tea","in tea"
"M20308980",30,"Version 95","lemon",2829,"in water","in water"
"M20308980",30,"Version 95","lemon",2829,"flavoring","flavoring"
"M20308980",30,"Version 95","lemon",2829,"cleaning","cleaning"
"M20308980",30,"Version 95","lemon",2829,"eating","eating"
"M20308980",31,"Version 95","guillotine",2848,"cutting someones head off","cutting someones head off"
"M20308980",32,"Version 95","nutmeg",2849,"flavoring","flavoring"
"M20308980",32,"Version 95","nutmeg",2849,"baking","baking"
"M20308980",32,"Version 95","nutmeg",2849,"eating ","eating "
"M20308980",33,"Version 95","farmer",2841,"grow crops","grow crops"
"M20308980",33,"Version 95","farmer",2841,"produce meat","produce meat"
"M20308980",33,"Version 95","farmer",2841,"help animals grow","help animals grow"
"M20308980",35,"Version 95","streets",2843,"traveling","traveling"
"M20308980",35,"Version 95","streets",2843,"partying","partying"
"M20308980",35,"Version 95","streets",2843,"parking cars","parking cars"
"M20308980",35,"Version 95","streets",2843,"running","running"
"M20308980",35,"Version 95","streets",2843,"walking","walking"
"M20308980",36,"Version 95","pitcher",2844,"throw a baseball","throw a baseball"
"M20308980",37,"Version 95","custodian",2828,"cleaning ","cleaning "
"M20308980",38,"Version 95","nightshirt",2850,"sleeping in ","sleeping in "
"M20308980",39,"Version 95","corkscrew",2836,"overing an opening to a bottle ","covering an opening to a bottle "
"M20308980",40,"Version 95","pony",2830,"riding","riding"
"M20308980",40,"Version 95","pony",2830,"transportation","transportation"
"M20308980",40,"Version 95","pony",2830,"racing","racing"
"M20308980",40,"Version 95","pony",2830,"doing yard work ","doing yard work "
"M20309933",11,"Version 7","goldfish",198,"eat","eat"
"M20309933",11,"Version 7","goldfish",198,"fish","fish"
"M20309933",12,"Version 7","grapevine",187,"decoration","decoration"
"M20309933",12,"Version 7","grapevine",187,"fruit","fruit"
"M20309933",13,"Version 7","tent",190,"sleep","sleep"
"M20309933",13,"Version 7","tent",190,"relax","relax"
"M20309933",14,"Version 7","store",205,"storage","storage"
"M20309933",14,"Version 7","store",205,"shopping","shopping"
"M20309933",14,"Version 7","store",205,"eat","eat"
"M20309933",15,"Version 7","suspender",195,"outfit","outfit"
"M20309933",15,"Version 7","suspender",195,"hold pants","hold pants"
"M20309933",15,"Version 7","suspender",195,"style","style"
"M20309933",16,"Version 7","grandniece",193,"family","family"
"M20309933",17,"Version 7","mucous",185,"sickness","sickness"
"M20309933",18,"Version 7","kilt",196,"blanket","blanket"
"M20309933",19,"Version 7","silk",182,"blanket","blanket"
"M20309933",19,"Version 7","silk",182,"bonnet","bonnet"
"M20309933",19,"Version 7","silk",182,"pillow","pillow"
"M20309933",19,"Version 7","silk",182,"dress","dress"
"M20309933",19,"Version 7","silk",182,"shirt","shirt"
"M20309933",20,"Version 7","Guitar",194,"instrument","instrument"
"M20309933",20,"Version 7","Guitar",194,"playing","playing"
"M20309933",21,"Version 7","cushion",191,"chair","chair"
"M20309933",21,"Version 7","cushion",191,"matress","mattress"
"M20309933",22,"Version 7","radish",189,"vegetables","vegetables"
"M20309933",23,"Version 7","pad",211,"cushion","cushion"
"M20309933",24,"Version 7","person",199,"breathe","breathe"
"M20309933",25,"Version 7","daddy",184,"person","person"
"M20309933",26,"Version 7","medic",208,"person","person"
"M20309933",27,"Version 7","motorboat",183,"travel","travel"
"M20309933",29,"Version 7","conductor",204,"motor in car","motor in car"
"M20309933",30,"Version 7","eyelid",197,"eyeshadow","eyeshadow"
"M20309933",30,"Version 7","eyelid",197,"makeup","makeup"
"M20309933",31,"Version 7","cheese",188,"sandwich","sandwich"
"M20309933",31,"Version 7","cheese",188,"egg","egg"
"M20309933",33,"Version 7","funnel",210,"cook","cook"
"M20309933",33,"Version 7","funnel",210,"oil","oil"
"M20309933",34,"Version 7","peanut",186,"butter","butter"
"M20309933",35,"Version 7","salesman",207,"person","person"
"M20309933",37,"Version 7","storeroom",192,"objects","objects"
"M20309933",38,"Version 7","controller",203,"game","game"
"M20309933",39,"Version 7","pine",201,"tree","tree"
"M20309933",40,"Version 7","people",206,"friends","friends"
"M20309972",11,"Version 96","matchwood",2869,"burn","burn"
"M20309972",11,"Version 96","matchwood",2869,"collect","collect"
"M20309972",11,"Version 96","matchwood",2869,"dispose","dispose"
"M20309972",11,"Version 96","matchwood",2869,"throw","throw"
"M20309972",12,"Version 96","sixpence",2871,"toss","toss"
"M20309972",12,"Version 96","sixpence",2871,"collect","collect"
"M20309972",12,"Version 96","sixpence",2871,"use","use"
"M20309972",12,"Version 96","sixpence",2871,"give","give"
"M20309972",12,"Version 96","sixpence",2871,"melt","melt"
"M20309972",13,"Version 96","clerk",2861,"work","work"
"M20309972",13,"Version 96","clerk",2861,"help","help"
"M20309972",13,"Version 96","clerk",2861,"organize","organize"
"M20309972",13,"Version 96","clerk",2861,"pay","pay"
"M20309972",14,"Version 96","jumper",2857,"help","help"
"M20309972",14,"Version 96","jumper",2857,"work","work"
"M20309972",14,"Version 96","jumper",2857,"praise","praise"
"M20309972",14,"Version 96","jumper",2857,"pay","pay"
"M20309972",15,"Version 96","aquarium",2858,"sightsee","sightsee"
"M20309972",15,"Version 96","aquarium",2858,"watch","watch"
"M20309972",15,"Version 96","aquarium",2858,"pay","pay"
"M20309972",15,"Version 96","aquarium",2858,"work","work"
"M20309972",15,"Version 96","aquarium",2858,"entertain","entertain"
"M20309972",16,"Version 96","walnut",2880,"eat","eat"
"M20309972",16,"Version 96","walnut",2880,"throw","throw"
"M20309972",16,"Version 96","walnut",2880,"grow","grow"
"M20309972",16,"Version 96","walnut",2880,"collect","collect"
"M20309972",16,"Version 96","walnut",2880,"cook","cook"
"M20309972",16,"Version 96","walnut",2880,"feed","feed"
"M20309972",16,"Version 96","walnut",2880,"dispose","dispose"
"M20309972",17,"Version 96","pail",2878,"fill","fill"
"M20309972",17,"Version 96","pail",2878,"dump","dump"
"M20309972",17,"Version 96","pail",2878,"throw","throw"
"M20309972",17,"Version 96","pail",2878,"give","give"
"M20309972",17,"Version 96","pail",2878,"steal","steal"
"M20309972",18,"Version 96","dustbin",2881,"trash","trash"
"M20309972",18,"Version 96","dustbin",2881,"dispose","dispose"
"M20309972",18,"Version 96","dustbin",2881,"fill","fill"
"M20309972",18,"Version 96","dustbin",2881,"empty","empty"
"M20309972",18,"Version 96","dustbin",2881,"give","give"
"M20309972",18,"Version 96","dustbin",2881,"buy","buy"
"M20309972",19,"Version 96","backscratcher",2866,"scratch","scratch"
"M20309972",19,"Version 96","backscratcher",2866,"give","give"
"M20309972",19,"Version 96","backscratcher",2866,"buy","buy"
"M20309972",19,"Version 96","backscratcher",2866,"steal","steal"
"M20309972",19,"Version 96","backscratcher",2866,"borrow","borrow"
"M20309972",19,"Version 96","backscratcher",2866,"throw","throw"
"M20309972",20,"Version 96","stomach",2876,"transplant","transplant"
"M20309972",20,"Version 96","stomach",2876,"buy","buy"
"M20309972",20,"Version 96","stomach",2876,"fill","fill"
"M20309972",20,"Version 96","stomach",2876,"eat","eat"
"M20309972",20,"Version 96","stomach",2876,"dispose","dispose"
"M20309972",20,"Version 96","stomach",2876,"donate","donate"
"M20309972",21,"Version 96","equipment",2854,"use","use"
"M20309972",21,"Version 96","equipment",2854,"borrow","borrow"
"M20309972",21,"Version 96","equipment",2854,"steal","steal"
"M20309972",21,"Version 96","equipment",2854,"buy","buy"
"M20309972",21,"Version 96","equipment",2854,"give","give"
"M20309972",21,"Version 96","equipment",2854,"create","create"
"M20309972",22,"Version 96","okra",2874,"eat","eat"
"M20309972",22,"Version 96","okra",2874,"trash","trash"
"M20309972",22,"Version 96","okra",2874,"throw","throw"
"M20309972",22,"Version 96","okra",2874,"buy","buy"
"M20309972",22,"Version 96","okra",2874,"give","give"
"M20309972",22,"Version 96","okra",2874,"donate","donate"
"M20309972",22,"Version 96","okra",2874,"farm","farm"
"M20309972",23,"Version 96","leather",2873,"wear","wear"
"M20309972",23,"Version 96","leather",2873,"buy","buy"
"M20309972",23,"Version 96","leather",2873,"make","make"
"M20309972",23,"Version 96","leather",2873,"give","give"
"M20309972",23,"Version 96","leather",2873,"steal","steal"
"M20309972",23,"Version 96","leather",2873,"dispose","dispose"
"M20309972",24,"Version 96","wristband",2877,"wear","wear"
"M20309972",24,"Version 96","wristband",2877,"buy","buy"
"M20309972",24,"Version 96","wristband",2877,"give","give"
"M20309972",24,"Version 96","wristband",2877,"donate","donate"
"M20309972",24,"Version 96","wristband",2877,"take","take"
"M20309972",24,"Version 96","wristband",2877,"make","make"
"M20309972",24,"Version 96","wristband",2877,"throw","throw"
"M20309972",25,"Version 96","lad",2879,"praise","praise"
"M20309972",25,"Version 96","lad",2879,"help","help"
"M20309972",25,"Version 96","lad",2879,"work","work"
"M20309972",25,"Version 96","lad",2879,"pay","pay"
"M20309972",26,"Version 96","saucepan",2865,"create","create"
"M20309972",26,"Version 96","saucepan",2865,"use","use"
"M20309972",26,"Version 96","saucepan",2865,"throw","throw"
"M20309972",26,"Version 96","saucepan",2865,"buy","buy"
"M20309972",26,"Version 96","saucepan",2865,"borrow","borrow"
"M20309972",26,"Version 96","saucepan",2865,"steal","steal"
"M20309972",26,"Version 96","saucepan",2865,"hit","hit"
"M20309972",27,"Version 96","educator",2872,"listen","listen"
"M20309972",27,"Version 96","educator",2872,"pay","pay"
"M20309972",27,"Version 96","educator",2872,"work","work"
"M20309972",27,"Version 96","educator",2872,"praise","praise"
"M20309972",27,"Version 96","educator",2872,"submit","submit"
"M20309972",28,"Version 96","awning",2856,"shade","shade"
"M20309972",28,"Version 96","awning",2856,"buy","buy"
"M20309972",28,"Version 96","awning",2856,"make","make"
"M20309972",28,"Version 96","awning",2856,"rest","rest"
"M20309972",28,"Version 96","awning",2856,"relax","relax"
"M20309972",28,"Version 96","awning",2856,"read","read"
"M20309972",28,"Version 96","awning",2856,"hide","hide"
"M20309972",29,"Version 96","pamphlet",2859,"read","read"
"M20309972",29,"Version 96","pamphlet",2859,"use","use"
"M20309972",29,"Version 96","pamphlet",2859,"burn","burn"
"M20309972",29,"Version 96","pamphlet",2859,"give","give"
"M20309972",29,"Version 96","pamphlet",2859,"buy","buy"
"M20309972",29,"Version 96","pamphlet",2859,"take","take"
"M20309972",29,"Version 96","pamphlet",2859,"collect","collect"
"M20309972",30,"Version 96","cornflakes",2855,"eat","eat"
"M20309972",30,"Version 96","cornflakes",2855,"dispose","dispose"
"M20309972",30,"Version 96","cornflakes",2855,"buy","buy"
"M20309972",30,"Version 96","cornflakes",2855,"give","give"
"M20309972",30,"Version 96","cornflakes",2855,"donate","donate"
"M20309972",30,"Version 96","cornflakes",2855,"throw","throw"
"M20309972",31,"Version 96","leaflet",2868,"read","read"
"M20309972",31,"Version 96","leaflet",2868,"dispose","dispose"
"M20309972",31,"Version 96","leaflet",2868,"give","give"
"M20309972",31,"Version 96","leaflet",2868,"receive","receive"
"M20309972",31,"Version 96","leaflet",2868,"collect","collect"
"M20309972",32,"Version 96","pen",2867,"write","write"
"M20309972",32,"Version 96","pen",2867,"throw","throw"
"M20309972",32,"Version 96","pen",2867,"buy","buy"
"M20309972",32,"Version 96","pen",2867,"give","give"
"M20309972",32,"Version 96","pen",2867,"donate","donate"
"M20309972",32,"Version 96","pen",2867,"collect","collect"
"M20309972",33,"Version 96","scrapbook",2862,"read","read"
"M20309972",33,"Version 96","scrapbook",2862,"create","create"
"M20309972",33,"Version 96","scrapbook",2862,"remember","remember"
"M20309972",33,"Version 96","scrapbook",2862,"burn","burn"
"M20309972",33,"Version 96","scrapbook",2862,"give","give"
"M20309972",33,"Version 96","scrapbook",2862,"receive","receive"
"M20309972",33,"Version 96","scrapbook",2862,"donate","donate"
"M20309972",34,"Version 96","tunic",2875,"wear","wear"
"M20309972",34,"Version 96","tunic",2875,"donate","donate"
"M20309972",34,"Version 96","tunic",2875,"buy","buy"
"M20309972",34,"Version 96","tunic",2875,"steal","steal"
"M20309972",34,"Version 96","tunic",2875,"collect","collect"
"M20309972",35,"Version 96","licence",2863,"fish","fish"
"M20309972",35,"Version 96","licence",2863,"hunt","hunt"
"M20309972",35,"Version 96","licence",2863,"drive","drive"
"M20309972",35,"Version 96","licence",2863,"fly","fly"
"M20309972",35,"Version 96","licence",2863,"work","work"
"M20309972",35,"Version 96","licence",2863,"cook","cook"
"M20309972",36,"Version 96","honeycomb",2870,"eat","eat"
"M20309972",36,"Version 96","honeycomb",2870,"make","make"
"M20309972",36,"Version 96","honeycomb",2870,"take","take"
"M20309972",36,"Version 96","honeycomb",2870,"give","give"
"M20309972",36,"Version 96","honeycomb",2870,"donate","donate"
"M20309972",36,"Version 96","honeycomb",2870,"buy","buy"
"M20309972",37,"Version 96","atlas",2853,"navigate","navigate"
"M20309972",37,"Version 96","atlas",2853,"buy","buy"
"M20309972",37,"Version 96","atlas",2853,"borrow","borrow"
"M20309972",38,"Version 96","clock",2864,"study","study"
"M20309972",38,"Version 96","clock",2864,"read","read"
"M20309972",38,"Version 96","clock",2864,"prepare","prepare"
"M20309972",39,"Version 96","sesame",2860,"make","make"
"M20309972",39,"Version 96","sesame",2860,"eat","eat"
"M20309972",39,"Version 96","sesame",2860,"farm","farm"
"M20309972",39,"Version 96","sesame",2860,"buy","buy"
"M20309972",39,"Version 96","sesame",2860,"give","give"
"M20309972",39,"Version 96","sesame",2860,"take","take"
"M20309972",40,"Version 96","stocking",2852,"fill","fill"
"M20309972",40,"Version 96","stocking",2852,"empty","empty"
"M20309972",40,"Version 96","stocking",2852,"give","give"
"M20309972",40,"Version 96","stocking",2852,"donate","donate"
"M20309972",40,"Version 96","stocking",2852,"buy","buy"
"M20309972",40,"Version 96","stocking",2852,"steal","steal"
"m20310925S.H",11,"Version 14","turnip",413,"pull","pull"
"m20310925S.H",11,"Version 14","turnip",413,"cook","cook"
"m20310925S.H",11,"Version 14","turnip",413,"eat","eat"
"m20310925S.H",11,"Version 14","turnip",413,"plant","plant"
"m20310925S.H",12,"Version 14","cord",421,"pull","pull"
"m20310925S.H",13,"Version 14","vagina",400,"giving birth","giving birth"
"m20310925S.H",14,"Version 14","clip",407,"put your hair up","put your hair up"
"m20310925S.H",14,"Version 14","clip",407,"close a bag of chips","close a bag of chips"
"m20310925S.H",14,"Version 14","clip",407,"watch","watch"
"m20310925S.H",14,"Version 14","clip",407,"record","record"
"m20310925S.H",15,"Version 14","crayon",395,"color","color"
"m20310925S.H",15,"Version 14","crayon",395,"write","write"
"m20310925S.H",15,"Version 14","crayon",395,"draw","draw"
"m20310925S.H",16,"Version 14","doctor",418,"get healthy","get healthy"
"m20310925S.H",16,"Version 14","doctor",418,"check your health","check your health"
"m20310925S.H",17,"Version 14","flannels",414,"wear","wear"
"m20310925S.H",17,"Version 14","flannels",414,"decorate","decorate"
"m20310925S.H",18,"Version 14","tuba",402,"make music","make music"
"m20310925S.H",18,"Version 14","tuba",402,"entertain people","entertain people"
"m20310925S.H",19,"Version 14","brassiere",410,"wear","wear"
"m20310925S.H",19,"Version 14","brassiere",410,"hold your chest","hold your chest"
"m20310925S.H",19,"Version 14","brassiere",410,"protect your chest","protect your chest"
"m20310925S.H",20,"Version 14","milkshake",394,"drink","drink"
"m20310925S.H",20,"Version 14","milkshake",394,"make","make"
"m20310925S.H",20,"Version 14","milkshake",394,"throw","throw"
"m20310925S.H",21,"Version 14","cocktail",416,"drink","drink"
"m20310925S.H",21,"Version 14","cocktail",416,"throw","throw"
"m20310925S.H",21,"Version 14","cocktail",416,"make","make"
"m20310925S.H",23,"Version 14","cleat",408,"wear","wear"
"m20310925S.H",23,"Version 14","cleat",408,"run","run"
"m20310925S.H",24,"Version 14","author",399,"read their books","read their books"
"m20310925S.H",24,"Version 14","author",399,"critique","critique"
"m20310925S.H",25,"Version 14","broker",405,"/","/"
"m20310925S.H",26,"Version 14","fisherman",419,"fish","fish"
"m20310925S.H",28,"Version 14","earring",406,"wear","wear"
"m20310925S.H",28,"Version 14","earring",406,"protect","protect"
"m20310925S.H",28,"Version 14","earring",406,"attract attention","attract attention"
"m20310925S.H",29,"Version 14","paperhanger",411,"hang","hang"
"m20310925S.H",30,"Version 14","driftwood",396,"float","float"
"m20310925S.H",30,"Version 14","driftwood",396,"hold onto","hold onto"
"m20310925S.H",31,"Version 14","hairpin",398,"hold hair up","hold hair up"
"m20310925S.H",32,"Version 14","hamstring",409,"stretch","stretch"
"m20310925S.H",32,"Version 14","hamstring",409,"run","run"
"m20310925S.H",32,"Version 14","hamstring",409,"move","move"
"m20310925S.H",33,"Version 14","granddaughter",393,"comfort","comfort"
"m20310925S.H",33,"Version 14","granddaughter",393,"respect","respect"
"m20310925S.H",34,"Version 14","hutch",401,"/","/"
"m20310925S.H",36,"Version 14","booth",404,"sit","sit"
"m20310925S.H",37,"Version 14","pedestal",420,"stand","stand"
"m20310925S.H",37,"Version 14","pedestal",420,"speech","speech"
"m20310925S.H",38,"Version 14","seasoning",412,"make food taste good","make food taste good"
"m20310925S.H",39,"Version 14","doorstep",397,"walk","walk"
"m20310925S.H",39,"Version 14","doorstep",397,"decorate","decorate"
"m20310925S.H",40,"Version 14","Cheeseburger",403,"eat","eat"
"m20310925S.H",40,"Version 14","Cheeseburger",403,"throw","throw"
"M20313679",11,"Version 13","testes",377,"reproduction","reproduction"
"M20313679",11,"Version 13","testes",377,"cause pleasure","cause pleasure"
"M20313679",11,"Version 13","testes",377,"cause pain","cause pain"
"M20313679",11,"Version 13","testes",377,"step","step"
"M20313679",11,"Version 13","testes",377,"crush","crush"
"M20313679",11,"Version 13","testes",377,"pop","pop"
"M20313679",11,"Version 13","testes",377,"eat them (animals)","eat them (animals)"
"M20313679",12,"Version 13","trinket",372,"wear","wear"
"M20313679",12,"Version 13","trinket",372,"throw","throw"
"M20313679",12,"Version 13","trinket",372,"use as fashion","use as fashion"
"M20313679",12,"Version 13","trinket",372,"build","build"
"M20313679",13,"Version 13","eraser",385,"remove writing","remove writing"
"M20313679",13,"Version 13","eraser",385,"throw","throw"
"M20313679",13,"Version 13","eraser",385,"bounce","bounce"
"M20313679",13,"Version 13","eraser",385,"use as stress ball","use as stress ball"
"M20313679",13,"Version 13","eraser",385,"fidget object","fidget object"
"M20313679",14,"Version 13","rake",386,"collect leaves in piles","collect leaves in piles"
"M20313679",14,"Version 13","rake",386,"spread out dirt","spread out dirt"
"M20313679",14,"Version 13","rake",386,"swing it","swing it"
"M20313679",14,"Version 13","rake",386,"poke hornets nest","poke hornets nest"
"M20313679",15,"Version 13","crawfish",384,"cook","cook"
"M20313679",15,"Version 13","crawfish",384,"eat","eat"
"M20313679",15,"Version 13","crawfish",384,"use as bait","use as bait"
"M20313679",15,"Version 13","crawfish",384,"tear apart","tear apart"
"M20313679",15,"Version 13","crawfish",384,"make stock","make stock"
"M20313679",15,"Version 13","crawfish",384,"breed them","breed them"
"M20313679",16,"Version 13","kelp",374,"make seasoning","make seasoning"
"M20313679",16,"Version 13","kelp",374,"eat it","eat it"
"M20313679",16,"Version 13","kelp",374,"make salad","make salad"
"M20313679",16,"Version 13","kelp",374,"wrap","wrap"
"M20313679",17,"Version 13","wagon",365,"transport","transport"
"M20313679",17,"Version 13","wagon",365,"pull kids around in","pull kids around in"
"M20313679",18,"Version 13","vine",363,"tie things","tie things"
"M20313679",18,"Version 13","vine",363,"make rope","make rope"
"M20313679",18,"Version 13","vine",363,"build traps","build traps"
"M20313679",18,"Version 13","vine",363,"swing from","swing from"
"M20313679",19,"Version 13","soil",381,"grow plants","grow plants"
"M20313679",19,"Version 13","soil",381,"level ground","level ground"
"M20313679",19,"Version 13","soil",381,"play in","play in"
"M20313679",20,"Version 13","pharmacist",387,"receive drugs","receive drugs"
"M20313679",20,"Version 13","pharmacist",387,"get information about drugs","get information about drugs"
"M20313679",20,"Version 13","pharmacist",387,"fulfill prescriptions","fulfill prescriptions"
"M20313679",21,"Version 13","spareribs",388,"cook","cook"
"M20313679",21,"Version 13","spareribs",388,"smoke","smoke"
"M20313679",21,"Version 13","spareribs",388,"bake","bake"
"M20313679",21,"Version 13","spareribs",388,"eat","eat"
"M20313679",21,"Version 13","spareribs",388,"cut","cut"
"M20313679",21,"Version 13","spareribs",388,"season","season"
"M20313679",21,"Version 13","spareribs",388,"broil","broil"
"M20313679",22,"Version 13","blackberry",376,"call someone(phone)","call someone(phone)"
"M20313679",22,"Version 13","blackberry",376,"eat","eat"
"M20313679",22,"Version 13","blackberry",376,"plant","plant"
"M20313679",22,"Version 13","blackberry",376,"grow","grow"
"M20313679",22,"Version 13","blackberry",376,"make jam","make jam"
"M20313679",22,"Version 13","blackberry",376,"make jelly","make jelly"
"M20313679",22,"Version 13","blackberry",376,"top desserts","top desserts"
"M20313679",22,"Version 13","blackberry",376,"crush","crush"
"M20313679",23,"Version 13","topsoil",370,"grow plant","grow plant"
"M20313679",23,"Version 13","topsoil",370,"use as nutrition for worms","use as nutrition for worms"
"M20313679",24,"Version 13","kitty",366,"pet","pet"
"M20313679",24,"Version 13","kitty",366,"hold","hold"
"M20313679",24,"Version 13","kitty",366,"hug","hug"
"M20313679",24,"Version 13","kitty",366,"feed","feed"
"M20313679",24,"Version 13","kitty",366,"stress support","stress support"
"M20313679",25,"Version 13","menu",382,"read","read"
"M20313679",25,"Version 13","menu",382,"inform availability of food","inform availability of food"
"M20313679",25,"Version 13","menu",382,"write on","write on"
"M20313679",25,"Version 13","menu",382,"order from","order from"
"M20313679",25,"Version 13","menu",382,"price of meal","price of meal"
"M20313679",26,"Version 13","anus",371,"fart","fart"
"M20313679",26,"Version 13","anus",371,"cause pain","cause pain"
"M20313679",26,"Version 13","anus",371,"cause pleasure","cause pleasure"
"M20313679",26,"Version 13","anus",371,"defecating","defecating"
"M20313679",27,"Version 13","copybook",389,"write","write"
"M20313679",27,"Version 13","copybook",389,"trace","trace"
"M20313679",27,"Version 13","copybook",389,"copy","copy"
"M20313679",27,"Version 13","copybook",389,"learn","learn"
"M20313679",27,"Version 13","copybook",389,"kindling","kindling"
"M20313679",28,"Version 13","cotton",380,"make clothes","make clothes"
"M20313679",28,"Version 13","cotton",380,"pick it","pick it"
"M20313679",28,"Version 13","cotton",380,"grow it","grow it"
"M20313679",28,"Version 13","cotton",380,"burn it","burn it"
"M20313679",29,"Version 13","amulet",369,"wear","wear"
"M20313679",29,"Version 13","amulet",369,"throw","throw"
"M20313679",29,"Version 13","amulet",369,"place a curse","place a curse"
"M20313679",29,"Version 13","amulet",369,"place a piece of your soul in","place a piece of your soul in"
"M20313679",30,"Version 13","cabinet",391,"hold books","hold books"
"M20313679",30,"Version 13","cabinet",391,"store food or snacks","store food or snacks"
"M20313679",30,"Version 13","cabinet",391,"break apart and make raised garden bed","break apart and make raised garden bed"
"M20313679",30,"Version 13","cabinet",391,"burn it","burn it"
"M20313679",31,"Version 13","playroom",362,"run in","run in"
"M20313679",31,"Version 13","playroom",362,"put games in","put games in"
"M20313679",31,"Version 13","playroom",362,"storage closet","storage closet"
"M20313679",32,"Version 13","squirrel",390,"cook it","cook it"
"M20313679",32,"Version 13","squirrel",390,"kill it","kill it"
"M20313679",32,"Version 13","squirrel",390,"pet it","pet it"
"M20313679",32,"Version 13","squirrel",390,"hold it","hold it"
"M20313679",32,"Version 13","squirrel",390,"feed it","feed it"
"M20313679",33,"Version 13","jogger",378,"run","run"
"M20313679",33,"Version 13","jogger",378,"walk","walk"
"M20313679",33,"Version 13","jogger",378,"wear it(jogger suit)","wear it(jogger suit)"
"M20313679",33,"Version 13","jogger",378,"chase","chase"
"M20313679",34,"Version 13","vest",379,"wear it","wear it"
"M20313679",34,"Version 13","vest",379,"sell it","sell it"
"M20313679",34,"Version 13","vest",379,"fold it","fold it"
"M20313679",34,"Version 13","vest",379,"step on it","step on it"
"M20313679",34,"Version 13","vest",379,"loan it","loan it"
"M20313679",36,"Version 13","vein",368,"transportation od blood","transportation an blood"
"M20313679",36,"Version 13","vein",368,"donate blood","donate blood"
"M20313679",36,"Version 13","vein",368,"transportation of nutrients and waste","transportation of nutrients and waste"
"M20313679",36,"Version 13","vein",368,"blow","blow"
"M20313679",36,"Version 13","vein",368,"collapse","collapse"
"M20313679",37,"Version 13","liqueur",373,"drink it","drink it"
"M20313679",37,"Version 13","liqueur",373,"place in food","place in food"
"M20313679",37,"Version 13","liqueur",373,"make drinks","make drinks"
"M20313679",38,"Version 13","addict",367,"get drugs from","get drugs from"
"M20313679",38,"Version 13","addict",367,"test drugs on","test drugs on"
"M20313679",39,"Version 13","oxtail",364,"cook it","cook it"
"M20313679",39,"Version 13","oxtail",364,"boil","boil"
"M20313679",39,"Version 13","oxtail",364,"broil","broil"
"M20313679",39,"Version 13","oxtail",364,"season","season"
"M20313679",39,"Version 13","oxtail",364,"make a meal","make a meal"
"M20313679",40,"Version 13","panhandler",375,"give money","give money"
"M20318418OED",11,"Version 94","toothpaste",2806,"brush","brush"
"M20318418OED",11,"Version 94","toothpaste",2806,"clean","clean"
"M20318418OED",11,"Version 94","toothpaste",2806,"wash","wash"
"M20318418OED",12,"Version 94","jeep",2813,"drive","drive"
"M20318418OED",14,"Version 94","cheerleader",2819,"dance","dance"
"M20318418OED",14,"Version 94","cheerleader",2819,"cheerlead","and"
"M20318418OED",16,"Version 94","booze",2801,"drink","drink"
"M20318418OED",17,"Version 94","garland",2820,"hang","hang"
"M20318418OED",18,"Version 94","aircraft",2802,"fly","fly"
"M20318418OED",20,"Version 94","omelet",2807,"eat","eat"
"M20318418OED",21,"Version 94","kernel",2798,"house for dogs","house for dogs"
"M20318418OED",23,"Version 94","fishbone",2817,"grind","grind"
"M20318418OED",23,"Version 94","fishbone",2817,"chew","chew"
"M20318418OED",28,"Version 94","sheet",2794,"draw","draw"
"M20318418OED",28,"Version 94","sheet",2794,"sing","sing"
"M20318418OED",28,"Version 94","sheet",2794,"write","write"
"M20318418OED",30,"Version 94","cigar",2812,"smoke","smoke"
"M20318418OED",31,"Version 94","sack",2818,"trash","trash"
"M20318418OED",31,"Version 94","sack",2818,"store","store"
"M20318418OED",32,"Version 94","cafe",2815,"browse","browse"
"M20318418OED",33,"Version 94","retriever",2804,"get something back","get something back"
"M20318418OED",34,"Version 94","nutcrackers",2795,"crack nuts","crack nuts"
"M20318418OED",35,"Version 94","pork",2797,"eat","eat"
"M20318418OED",35,"Version 94","pork",2797,"fry","fry"
"M20318418OED",35,"Version 94","pork",2797,"bake","bake"
"M20318418OED",35,"Version 94","pork",2797,"grill","grill"
"M20318418OED",36,"Version 94","bridge",2811,"climb","climb"
"M20318418OED",37,"Version 94","sax",2821,"play","play"
"M20318418OED",40,"Version 94","dispenser",2800,"drink","drink"
"M20318418OED",40,"Version 94","dispenser",2800,"fetch water","fetch water"
"M20321084LYCCH",11,"Version 8","shelter",237,"give food","give food"
"M20321084LYCCH",12,"Version 8","pantry",217,"put in food","put in food"
"M20321084LYCCH",12,"Version 8","pantry",217,"organize","organize"
"M20321084LYCCH",12,"Version 8","pantry",217,"clean","clean"
"M20321084LYCCH",13,"Version 8","creek",240,"water","water"
"M20321084LYCCH",13,"Version 8","creek",240,"swim","swim"
"M20321084LYCCH",13,"Version 8","creek",240,"energy","energy"
"M20321084LYCCH",13,"Version 8","creek",240,"drink","drink"
"M20321084LYCCH",14,"Version 8","fruit",231,"eat","eat"
"M20321084LYCCH",14,"Version 8","fruit",231,"wash","wash"
"M20321084LYCCH",14,"Version 8","fruit",231,"make food","make food"
"M20321084LYCCH",14,"Version 8","fruit",231,"make drinks","make drinks"
"M20321084LYCCH",14,"Version 8","fruit",231,"cut","cut"
"M20321084LYCCH",14,"Version 8","fruit",231,"slice","slice"
"M20321084LYCCH",14,"Version 8","fruit",231,"desserts","desserts"
"M20321084LYCCH",14,"Version 8","fruit",231,"baking","baking"
"M20321084LYCCH",15,"Version 8","excavator",225,"excavate","excavate"
"M20321084LYCCH",15,"Version 8","excavator",225,"make holes","make holes"
"M20321084LYCCH",15,"Version 8","excavator",225,"break","break"
"M20321084LYCCH",16,"Version 8","tailcoat",241,"wear","wear"
"M20321084LYCCH",16,"Version 8","tailcoat",241,"wash","wash"
"M20321084LYCCH",17,"Version 8","client",232,"buy","buy"
"M20321084LYCCH",17,"Version 8","client",232,"conversate","converse"
"M20321084LYCCH",17,"Version 8","client",232,"ask questions","ask questions"
"M20321084LYCCH",18,"Version 8","roll",213,"i cant explain","i cant explain"
"M20321084LYCCH",19,"Version 8","body",235,"piercings","piercings"
"M20321084LYCCH",19,"Version 8","body",235,"tattoos","tattoos"
"M20321084LYCCH",19,"Version 8","body",235,"examinate","examine"
"M20321084LYCCH",20,"Version 8","seating",215,"seat","seat"
"M20321084LYCCH",20,"Version 8","seating",215,"step on it","step on it"
"M20321084LYCCH",20,"Version 8","seating",215,"read","read"
"M20321084LYCCH",20,"Version 8","seating",215,"write on it","write on it"
"M20321084LYCCH",21,"Version 8","accordion",228,"music","music"
"M20321084LYCCH",21,"Version 8","accordion",228,"play","play"
"M20321084LYCCH",21,"Version 8","accordion",228,"listen","listen"
"M20321084LYCCH",21,"Version 8","accordion",228,"create songs","create songs"
"M20321084LYCCH",22,"Version 8","phalanges",227,"move","move"
"M20321084LYCCH",22,"Version 8","phalanges",227,"stretch","stretch"
"M20321084LYCCH",22,"Version 8","phalanges",227,"workout","workout"
"M20321084LYCCH",23,"Version 8","linoleum",216,"paint","paint"
"M20321084LYCCH",23,"Version 8","linoleum",216,"oil","oil"
"M20321084LYCCH",23,"Version 8","linoleum",216,"canvas","canvas"
"M20321084LYCCH",23,"Version 8","linoleum",216,"make art work","make art work"
"M20321084LYCCH",23,"Version 8","linoleum",216,"art","art"
"M20321084LYCCH",24,"Version 8","ashcan",238,"recycling","recycling"
"M20321084LYCCH",25,"Version 8","beef",218,"eat","eat"
"M20321084LYCCH",25,"Version 8","beef",218,"tacos","tacos"
"M20321084LYCCH",25,"Version 8","beef",218,"flavor","flavor"
"M20321084LYCCH",25,"Version 8","beef",218,"cook","cook"
"M20321084LYCCH",25,"Version 8","beef",218,"fry","fry"
"M20321084LYCCH",25,"Version 8","beef",218,"burritos.","burritos."
"M20321084LYCCH",26,"Version 8","eggplant",226,"salads","salads"
"M20321084LYCCH",26,"Version 8","eggplant",226,"chop","chop"
"M20321084LYCCH",26,"Version 8","eggplant",226,"slice","slice"
"M20321084LYCCH",26,"Version 8","eggplant",226,"dressings","dressings"
"M20321084LYCCH",26,"Version 8","eggplant",226,"smash","smash"
"M20321084LYCCH",27,"Version 8","torchlight",220,"light","light"
"M20321084LYCCH",27,"Version 8","torchlight",220,"able to see","able to see"
"M20321084LYCCH",27,"Version 8","torchlight",220,"clarity","clarity"
"M20321084LYCCH",28,"Version 8","arrow",214,"kill","kill"
"M20321084LYCCH",29,"Version 8","plum",239,"healthy","healthy"
"M20321084LYCCH",29,"Version 8","plum",239,"eat","eat"
"M20321084LYCCH",30,"Version 8","drug",212,"consume","consume"
"M20321084LYCCH",30,"Version 8","drug",212,"addictions","addictions"
"M20321084LYCCH",30,"Version 8","drug",212,"medication","medication"
"M20321084LYCCH",31,"Version 8","groundsman",223,"maintenance","maintenance"
"M20321084LYCCH",32,"Version 8","strongbox",224,"store","store"
"M20321084LYCCH",33,"Version 8","case",233,"protect","protect"
"M20321084LYCCH",34,"Version 8","avocado",221,"eat","eat"
"M20321084LYCCH",34,"Version 8","avocado",221,"slice","slice"
"M20321084LYCCH",35,"Version 8","motel",222,"sleep","sleep"
"M20321084LYCCH",36,"Version 8","hoe",234,"wym","gym"
"M20321084LYCCH",37,"Version 8","illustrator",230,"write","write"
"M20321084LYCCH",38,"Version 8","paperback",219,"reprint","reprint"
"M20321084LYCCH",39,"Version 8","matter",236,"life","life"
"M20321084LYCCH",40,"Version 8","stick",229,"play","play"
"M20321084LYCCH",40,"Version 8","stick",229,"point","point"
